Squat_100.jpg,103.442505,97.37697,-82.40317,104.28572,95.50357,-79.38956,104.974724,95.473946,-79.387596,105.68323,95.43278,-79.39606,102.2452,95.59117,-79.08041,101.48596,95.600464,-79.063805,100.72383,95.62693,-79.05847,106.46963,96.507614,-55.812683,99.77585,96.727165,-51.628933,104.7586,99.46868,-73.158806,102.11558,99.53751,-71.98587,112.242836,109.10597,-35.833324,94.53614,108.18306,-27.857628,114.4065,122.745636,-30.368425,91.68474,123.21986,-12.90163,113.27412,131.39471,-61.603218,88.27587,135.36095,-31.233006,113.46953,134.03912,-69.817406,86.850876,138.65903,-33.223198,112.52658,133.20982,-76.49545,86.68806,139.40248,-44.014526,112.292206,132.27914,-65.15214,88.53885,138.48598,-35.604523,108.23738,135.51945,-4.2190866,97.38726,134.64134,4.2331457,107.17376,156.75053,-16.837017,93.954636,155.3961,3.0124114,106.63149,176.84756,13.722985,90.28095,174.56381,37.58407,106.66174,179.09114,14.896988,90.43885,177.25525,39.379032,104.19812,184.55301,-15.877054,87.92798,181.68619,11.322742
Squat_104.jpg,179.3053,87.244705,-143.0418,181.57027,83.86119,-137.71933,183.05702,83.83992,-137.70792,184.56857,83.79232,-137.67229,177.42236,83.83023,-137.87077,175.91736,83.74013,-137.85178,174.39581,83.674194,-137.85234,186.66531,85.16985,-95.119934,172.58669,84.90192,-95.78806,182.001,90.39986,-126.37968,176.60475,90.253784,-126.63083,195.96695,103.30935,-55.123768,162.32045,103.75877,-67.95439,200.71234,129.41063,-33.111553,158.53036,131.1767,-61.275246,205.37381,153.60872,-69.3235,154.11513,154.60515,-94.638435,207.38617,160.5881,-78.167076,152.34221,161.11989,-104.04437,206.76009,161.31529,-91.88985,152.70422,161.54279,-119.42774,204.61417,159.04034,-75.82196,155.53143,159.07225,-101.66207,190.54236,152.91962,6.4670353,169.6324,153.5054,-6.269835,191.74467,191.97821,2.141279,166.92058,191.69748,-22.523308,192.52219,222.23924,71.06595,157.91278,221.53365,55.394527,191.15881,226.49028,75.36075,157.79102,225.48222,60.640553,194.3612,235.1875,31.676872,153.76472,235.53992,16.576252
Squat_105.jpg,29.305805,75.10372,-79.85229,32.183006,72.57913,-75.08362,33.552895,72.67833,-75.09723,34.967167,72.75792,-75.14367,28.679642,72.478516,-71.041084,27.535942,72.43797,-70.97266,26.374994,72.42809,-70.91383,38.10887,75.38049,-43.88337,26.406412,74.646965,-24.193768,32.280518,79.070496,-68.36934,27.59569,78.76538,-62.85646,49.041443,96.95077,-28.07164,17.97953,98.099754,4.106902,53.131115,124.815834,-20.753725,16.752409,125.94985,13.035177,56.104088,150.00986,-54.68837,11.455,148.84966,-31.79762,58.337105,157.82996,-62.231625,9.887783,155.4727,-37.45993,56.793823,158.65556,-73.07932,8.761753,155.73912,-53.699326,54.545242,155.4683,-58.966396,11.614009,153.28143,-39.85694,44.841534,148.07765,-6.325301,24.985912,149.89163,6.575224,47.605553,187.81146,-11.003044,25.208073,189.92737,0.75554466,52.44757,220.32242,48.60708,25.692461,223.97784,58.790947,51.895897,224.31517,52.4639,27.354649,228.08968,61.87141,56.19632,235.67578,9.579962,22.547813,239.72272,16.560583
Squat_109.jpg,38.729332,87.86669,-129.10893,40.752934,85.584274,-123.81349,41.915348,85.585396,-123.834274,43.10703,85.56107,-123.84855,37.42086,85.72091,-123.08029,36.358498,85.77234,-123.05928,35.29317,85.83531,-123.066086,45.428043,87.57062,-86.94895,34.74718,87.745255,-83.71628,41.35089,90.96993,-115.283844,37.159367,91.038864,-114.42612,54.82383,104.752846,-52.154255,28.140297,105.54008,-55.695816,60.87375,125.407036,-29.463154,28.443419,127.19063,-45.03418,63.912613,143.71698,-57.099537,26.83578,145.79395,-74.70598,65.68591,148.6864,-64.63486,26.522635,150.72804,-82.3745,65.028854,149.16083,-76.74037,24.912561,150.42491,-94.328896,63.64382,147.61247,-62.358818,25.857224,148.5636,-80.47355,49.83174,141.28513,6.570834,32.359314,142.103,-6.457582,57.3057,172.16322,4.466811,30.06155,174.22513,-16.292824,60.717293,197.41693,63.101997,27.75962,202.41324,32.68858,59.92509,200.30858,66.16507,27.99567,205.65607,34.56835,61.969894,209.09079,22.2897,28.565079,213.84122,-12.120093
Squat_111.jpg,52.110962,98.88086,-42.636665,53.61304,97.133484,-41.51508,54.383595,97.08787,-41.512108,55.174572,97.03144,-41.521572,51.797512,97.31197,-37.286,51.24105,97.35876,-37.28207,50.673397,97.430725,-37.29527,57.341473,98.25401,-29.963713,51.54254,98.54447,-9.794395,54.16218,101.02155,-38.764397,51.809807,101.21396,-32.85166,64.629654,109.637276,-31.068024,48.999557,111.1669,7.655121,64.33977,123.733246,-65.34435,46.436863,121.876274,-10.401809,60.585808,109.93512,-98.23155,42.572525,110.225365,-51.08452,59.440453,105.59506,-107.314606,41.802105,106.76807,-58.85321,60.74699,104.26924,-105.31442,41.366364,105.26119,-58.11437,60.277145,105.94354,-98.1276,42.699963,106.3067,-52.305176,63.17275,139.1482,-12.642482,53.833656,140.04459,12.662785,64.33998,160.58115,2.4792166,50.4872,161.30713,24.488333,67.978226,178.87822,38.644363,47.678894,179.16957,60.68981,69.438614,181.07219,41.319893,49.052402,181.84956,62.942776,64.231445,186.47473,20.012852,41.660217,185.61586,42.564457
Squat_113.jpg,47.203995,94.73372,-120.07725,48.24005,92.70939,-114.34935,49.210022,92.63933,-114.34332,50.203754,92.55174,-114.31454,45.186073,92.9677,-115.89404,44.07608,93.07234,-115.87247,42.970192,93.20484,-115.893105,51.060635,94.35153,-77.36367,41.247738,95.051186,-84.70322,49.05301,97.47878,-106.208755,45.17913,97.78045,-108.27855,57.407845,109.42342,-45.12992,35.049656,109.44998,-61.21162,60.98427,126.075745,-33.771484,31.113873,126.5289,-55.906677,64.307014,139.88786,-65.11259,27.544456,142.23068,-82.3665,66.31225,143.65182,-71.330154,25.409824,146.47624,-89.47684,65.86616,144.1429,-82.68916,26.01926,147.28777,-100.23528,64.601776,143.01839,-70.54857,27.768576,146.09776,-87.45929,52.846916,140.76653,8.352129,39.00328,140.25427,-8.328291,55.89414,165.16922,31.759996,36.70495,165.74803,-10.241823,58.841633,185.08563,98.42687,33.056686,189.27682,32.12919,57.827892,188.74371,103.00169,32.8231,192.7425,34.214146,64.094315,191.65555,72.41899,33.62368,198.21748,-5.8358793
Squat_124.jpg,112.86277,95.326065,-108.81027,113.67822,93.99087,-104.46464,114.4086,93.99338,-104.452835,115.16927,93.97626,-104.426315,111.32162,94.09881,-105.865234,110.51338,94.16342,-105.84557,109.707794,94.245186,-105.86536,115.83252,95.56753,-72.679924,108.38343,95.78896,-78.704185,114.14105,97.67786,-96.42402,111.33246,97.78876,-98.18511,120.68793,108.00864,-41.157642,102.91801,107.94944,-53.450634,124.579475,122.18281,-27.884764,100.19921,122.80707,-43.92524,128.42723,134.24287,-57.35192,96.285164,136.82275,-64.49029,130.42596,137.02818,-63.943394,94.7549,140.0327,-70.45025,130.03026,137.53802,-74.62209,94.69082,140.87228,-81.79739,129.02342,137.04599,-62.15151,96.318535,140.06308,-69.25179,118.42242,134.26335,8.522448,107.424225,134.7099,-8.503893,119.15968,157.47246,19.119675,105.21367,158.98476,-9.024428,120.472435,176.75516,67.01281,102.01206,179.51874,23.981443,119.44846,179.63867,69.8302,101.594376,181.98831,25.269558,124.07376,183.31271,38.98927,103.49678,187.55672,-10.2971115
Squat_126.jpg,171.11482,97.065056,-69.52897,171.67844,95.54647,-65.03384,172.29308,95.515785,-65.03527,172.93091,95.46796,-65.02743,169.54178,95.695724,-66.682304,168.73248,95.74874,-66.65649,167.9242,95.8224,-66.66229,173.1014,96.81956,-36.740906,166.28433,97.19306,-44.78129,172.12961,99.2469,-58.874104,169.52777,99.40236,-61.251015,177.13022,109.68329,-10.506983,160.4841,109.1859,-32.153297,179.2018,123.59906,3.2036386,157.5064,123.85421,-29.609907,182.56311,134.52357,-27.767902,154.05464,136.94722,-53.506985,184.05888,137.72208,-32.54571,152.28134,140.1597,-59.236942,184.02086,137.99745,-41.881508,152.64531,140.94206,-67.77109,182.7901,136.97449,-32.017895,154.44257,139.88983,-57.323326,173.10013,136.70294,9.487365,162.90417,136.29507,-9.403491,173.43079,159.09778,23.048292,159.38013,159.33488,-15.835249,175.37279,176.36455,65.8136,155.53723,178.55627,14.4553995,174.26532,179.26515,68.27503,154.99918,180.74022,15.809436,180.08092,182.14746,42.3184,156.0588,186.57692,-15.798719
Squat_134.jpg,143.32361,87.1988,-143.18808,145.39975,84.18525,-137.1975,146.80048,84.18458,-137.2071,148.23703,84.16023,-137.19028,141.57013,84.26683,-137.17882,140.1803,84.277565,-137.13928,138.78217,84.32379,-137.11734,150.70703,86.718,-98.22801,137.67613,86.785225,-95.563446,146.4078,91.10017,-128.47916,141.19524,91.14408,-127.79196,161.3643,107.88997,-62.04196,128.62686,107.6797,-68.88115,167.96786,130.95857,-43.115105,123.1141,131.98024,-60.91243,169.46802,153.12245,-76.11045,116.74843,154.3633,-90.46286,170.92354,159.7848,-85.38717,114.02234,160.57034,-97.08145,169.37431,159.89253,-98.050125,113.726006,161.39302,-112.0797,167.71037,157.38048,-82.1751,116.49352,159.39627,-97.317024,153.20934,154.27803,2.3787282,133.08316,154.35799,-2.2446299,159.9552,185.6719,-22.370062,128.7281,187.48888,0.6787844,161.75606,216.66087,39.80301,125.19386,213.16565,75.216,160.1894,221.21634,43.998188,126.68683,217.22481,80.2745,167.93953,229.03862,4.9339237,118.41287,224.96654,40.177654
Squat_136.jpg,119.78604,95.82779,-136.13583,120.52321,93.16083,-131.99493,121.4374,92.97981,-131.985,122.37741,92.781944,-131.94885,117.71402,93.55605,-133.6049,116.6687,93.639084,-133.56482,115.62004,93.74356,-133.54288,123.22461,93.52985,-97.41717,113.99934,94.72838,-103.47035,121.603264,97.87688,-122.46753,118.038605,98.34424,-124.23116,130.27426,106.60118,-62.953094,107.63977,107.97362,-78.62489,133.75456,121.85446,-54.347786,103.97411,125.665504,-72.62424,135.24281,136.46129,-93.14543,101.79012,141.35043,-94.22198,136.72343,140.97499,-103.79113,100.334076,145.8168,-101.98256,135.09744,141.41797,-113.85251,101.24368,146.69826,-112.778496,133.95927,140.05925,-98.48703,102.91658,145.0966,-98.982956,125.23592,138.02129,6.029087,111.49411,137.80197,-6.035921,126.95694,164.84319,11.486337,108.264244,163.91556,1.0094641,129.37364,185.4083,60.99636,103.02163,185.33876,52.61376,128.36919,188.54385,63.750973,102.90506,188.15977,55.770233,133.63986,193.92697,30.017395,102.1694,195.96956,20.032436
Squat_140.jpg,91.527405,97.49127,-78.4513,92.583786,96.37199,-74.87522,93.213104,96.41557,-74.8896,93.86567,96.44063,-74.88527,90.60687,96.37235,-74.58997,89.95247,96.385574,-74.568504,89.29645,96.41255,-74.56082,94.726746,97.802574,-52.620358,88.46406,97.73747,-49.292408,92.69323,99.645546,-70.08278,90.332825,99.57023,-69.15243,99.91115,109.44097,-36.120556,83.394135,109.223404,-27.715021,103.62317,122.288376,-33.27129,80.7126,121.9825,-19.072512,107.98334,133.2292,-54.118984,77.79631,133.71613,-36.53515,110.00517,135.72275,-59.800854,76.23162,136.94519,-39.396034,109.715546,136.26924,-67.365234,76.619675,137.352,-48.91403,108.402985,135.48895,-57.73906,78.03995,136.36774,-40.799908,97.32976,132.68704,-4.861409,87.44767,133.00385,4.857122,97.24356,152.79395,-5.1476045,87.13326,152.14125,8.017336,99.96193,169.92758,24.662817,87.48837,168.9852,41.34681,100.38728,172.0178,25.921076,88.72591,171.29335,43.069836,99.90639,176.56343,-2.5925357,84.487144,175.26268,16.956882
Squat_145.jpg,30.935616,72.39498,-79.61499,34.338287,69.58731,-76.30415,35.81547,69.68081,-76.30463,37.32205,69.762474,-76.33948,31.016697,69.45115,-70.079605,29.947905,69.38949,-70.063126,28.853992,69.371056,-70.02181,41.459717,72.66,-49.338932,30.18167,71.61653,-19.227211,34.628544,76.53267,-70.46428,29.800407,76.247,-61.68727,53.533474,91.23954,-43.707523,23.949549,94.97209,13.496083,63.889507,108.24768,-115.79045,15.193946,115.53498,-10.560029,60.058212,90.27008,-205.22285,7.0206747,95.86412,-87.25805,59.964916,85.40825,-222.64783,6.502175,91.18567,-101.34016,59.42607,83.27222,-220.11499,5.674152,87.00539,-101.65476,57.935566,85.62709,-206.04355,7.9772153,88.542366,-89.72331,50.649345,146.32469,-19.014986,32.970016,147.01088,19.197521,49.168297,190.38417,-0.68002367,23.614166,186.13983,32.094124,55.515503,226.66754,61.4665,17.46319,220.68878,90.94014,57.98703,230.82233,65.86616,20.043404,225.16414,94.711914,51.843334,241.57095,27.496998,6.1625776,235.84476,58.14741
Squat_147.jpg,145.06783,88.319244,-102.808556,146.2916,86.26123,-96.70669,147.20255,86.25526,-96.704414,148.14934,86.22522,-96.689445,143.45818,86.35614,-98.75086,142.429,86.376114,-98.71332,141.40575,86.420525,-98.72715,148.79959,88.09948,-56.590874,139.83609,88.17357,-67.41588,146.64897,91.096756,-87.65745,143.06218,91.16598,-90.819305,152.70418,103.36827,-16.153088,134.20297,103.36402,-50.0378,156.51193,120.66834,8.849192,133.30533,122.68465,-52.58797,160.72781,135.31992,-19.110857,130.34174,138.8689,-86.53049,162.80042,139.43282,-22.74784,128.55832,143.18604,-95.97869,162.85289,140.17705,-35.915897,128.68837,143.55403,-105.528885,161.54852,139.06335,-24.628822,130.12463,142.21606,-90.98204,149.19536,134.85307,16.622429,137.56517,134.87686,-16.507627,151.13843,163.43594,31.793936,134.8941,163.10506,-27.929714,153.51662,186.75768,88.29799,129.19405,189.8468,2.992918,151.85951,190.87651,91.58234,127.56495,193.5141,3.3069425,161.03163,192.98068,54.456997,133.28653,198.93549,-41.70678
Squat_149.jpg,156.95064,88.42313,-40.670723,158.35667,86.4742,-36.719345,159.18933,86.43384,-36.71751,160.03642,86.370674,-36.72118,156.02225,86.626495,-34.7225,155.28415,86.65626,-34.690613,154.53416,86.70204,-34.720623,161.75024,87.47605,-11.160305,154.16846,87.80193,-0.5478382,158.89217,90.789505,-31.390936,156.03137,90.89182,-28.360996,170.06761,100.06359,3.365285,149.63971,101.766205,19.736002,178.89888,115.01207,-19.635296,147.14337,119.98551,-13.924483,180.87302,112.424774,-83.20529,151.62952,111.7549,-84.84981,181.86546,112.23346,-98.67567,153.02129,109.74085,-100.44725,181.14966,109.64014,-101.255005,153.23071,107.163994,-100.5336,180.22469,109.54741,-85.78338,153.67769,107.667496,-86.46331,168.83618,133.8284,-10.731126,156.20715,134.55193,10.767596,168.76501,162.10878,-18.96854,151.14923,160.797,13.007192,172.17961,186.64914,18.72338,147.10876,183.68642,64.98525,173.9754,189.45338,20.390974,149.38783,187.42253,67.71115,167.01294,196.18382,-14.897452,138.0159,192.19377,36.321777
Squat_151.jpg,30.50716,75.52485,-74.385414,33.127144,72.91158,-69.736305,34.46322,72.960335,-69.74752,35.844067,72.98719,-69.79601,29.640003,72.918015,-66.01238,28.474422,72.9047,-65.94252,27.292698,72.922104,-65.88967,38.720295,75.26617,-38.716095,27.017105,74.87952,-20.288326,33.364624,79.26479,-62.834797,28.734776,79.10028,-57.696312,49.375824,96.61588,-24.198229,18.430616,97.75288,8.490082,53.05236,124.80022,-14.196089,15.797413,125.62068,17.437656,56.584953,150.10493,-48.841393,10.018898,148.66333,-28.063593,58.97756,158.0279,-57.084297,8.409265,155.38872,-33.651352,57.469753,158.6136,-68.1331,7.197945,155.52303,-50.482418,55.145794,155.37747,-53.264046,10.0606575,153.03432,-36.366253,44.521614,149.27019,-7.2968817,24.507336,151.18729,7.549553,47.678936,189.39487,-14.501128,25.278515,190.84866,2.508956,52.552326,223.82565,42.670856,25.960554,225.10037,64.700325,52.385204,228.27966,46.309525,27.895824,229.5052,68.18819,55.27554,239.20316,3.7319942,21.857382,240.60507,24.437695
Squat_155.jpg,145.94826,84.31362,-96.77898,146.51266,81.83225,-91.11543,147.19968,81.81535,-91.102486,147.92123,81.77167,-91.059975,143.94833,81.96704,-94.60695,142.90724,81.98284,-94.58648,141.85817,82.031586,-94.595566,148.01823,83.70806,-54.21989,139.64024,84.00002,-71.280334,147.09479,87.7878,-82.40728,143.93378,87.841095,-87.39555,156.4147,103.38613,-20.449352,129.61652,103.78302,-56.292423,162.31175,126.10353,2.5187902,127.18578,128.5598,-56.039814,166.4988,145.08679,-44.528427,125.62151,151.75647,-88.760445,168.59082,151.30927,-55.390182,124.22901,158.67905,-98.50654,167.85812,151.38457,-69.14653,124.84973,158.95924,-111.04764,165.96019,148.93039,-51.55938,126.77994,156.19362,-94.439445,152.95815,146.94211,13.6620245,136.07565,147.4197,-13.5018635,156.25117,178.61172,35.23948,129.50975,181.61238,-30.891949,156.71184,205.61557,101.397644,123.74752,209.75731,26.555208,154.0712,210.21205,105.47863,124.18848,212.51704,29.781393,165.34071,216.17065,71.30418,121.05158,223.96916,-14.446454
Squat_158.jpg,112.75589,97.73091,-112.622314,113.79319,95.82614,-109.131615,114.59544,95.76731,-109.11373,115.42495,95.68974,-109.0876,111.30276,95.950134,-110.134964,110.42804,95.96585,-110.12123,109.5578,96.00046,-110.13135,116.364716,96.63429,-78.76808,108.33318,96.85751,-83.27792,114.24423,99.59961,-100.5763,111.22458,99.73207,-101.856155,121.60615,107.94454,-48.29244,102.93169,107.7088,-58.750423,123.333916,123.60972,-36.660233,100.94647,123.70679,-46.62319,125.9585,136.26645,-60.90952,98.23566,138.32686,-61.65589,127.54726,139.15945,-66.430786,96.987404,141.81161,-66.706764,127.23631,139.58336,-76.200096,96.98425,142.52835,-76.241585,126.08218,138.8788,-65.26021,98.41416,141.49243,-65.81667,117.93918,135.30513,7.1474576,106.858665,135.36478,-7.1383953,119.308655,157.73471,23.62111,104.79952,159.59299,-5.1205096,119.50399,175.1053,75.53818,101.490746,179.32272,29.209507,118.37494,177.71642,78.884476,100.99697,181.74577,30.614159,123.02896,181.88016,49.686855,102.989914,187.33693,-4.9992433
Squat_162.jpg,46.70092,94.501045,-111.88018,47.926586,92.64112,-105.82262,48.905785,92.62343,-105.818245,49.90643,92.587074,-105.79644,44.882202,92.775055,-106.74409,43.80574,92.840294,-106.72263,42.72986,92.93,-106.74571,50.974262,94.56664,-68.739136,41.162266,94.89868,-73.48361,48.600918,97.362366,-98.13686,44.697464,97.51027,-99.48108,57.89166,109.882,-37.726204,35.21327,109.89044,-48.529373,63.460045,125.790634,-22.187979,32.7806,126.877884,-42.83194,68.05307,140.44048,-52.188995,29.167671,142.44118,-71.47728,70.243614,144.17798,-58.50212,27.472567,146.53404,-78.415726,69.78137,145.05771,-69.786865,27.36831,147.37007,-89.63432,68.35126,143.92195,-57.53667,29.020824,146.09288,-76.876114,54.03176,140.85007,6.9159904,40.009956,140.66843,-6.873393,56.195236,165.28723,27.041348,36.684986,166.8233,-8.264712,59.007153,184.45393,92.15594,32.35828,190.1676,35.52863,57.794094,187.40335,96.64171,32.54412,193.07747,37.556095,64.009384,192.71896,64.645035,31.309248,200.19983,-3.4165623
Squat_164.jpg,116.472534,88.26706,-138.6093,118.75177,86.111435,-133.31139,119.9397,86.207375,-133.33252,121.16037,86.275085,-133.306,115.28912,85.94833,-132.61246,114.16347,85.87441,-132.5744,113.03854,85.82163,-132.53201,123.17177,88.38235,-96.49599,112.03286,87.653824,-90.93681,118.762596,91.75276,-124.67806,114.50644,91.40302,-123.19773,131.84549,106.65106,-66.17621,103.14485,106.297295,-57.657066,138.27774,129.04793,-56.021557,101.04485,127.52844,-42.04456,143.16383,150.73402,-80.53148,99.056335,148.92297,-71.96219,145.50378,156.19292,-88.26076,98.02002,155.22249,-78.89689,144.05219,157.02563,-99.71144,98.68715,155.76782,-92.6078,142.08472,155.13101,-85.67984,100.67752,153.4739,-78.23533,127.21744,146.8077,-4.3156424,109.43961,147.75095,4.348399,131.7097,181.73964,-11.9358635,105.900536,180.39565,7.61104,139.29617,212.8272,31.212957,102.44025,208.51303,63.483864,140.12546,216.45953,32.62465,104.438416,212.63202,66.40416,138.4117,224.30948,-16.343264,95.74394,218.8925,22.429146
Squat_166.jpg,84.833145,88.68317,-71.73796,85.77342,85.451324,-65.19521,86.751495,85.35356,-65.17021,87.73779,85.25208,-65.18384,82.69548,85.56893,-68.61756,81.47633,85.48886,-68.59315,80.261,85.43749,-68.58039,87.53618,85.90719,-23.737972,77.66074,86.08841,-41.637093,86.13182,91.006294,-55.83434,82.26238,91.043846,-60.823647,90.22342,98.51168,6.359788,70.57485,100.27409,-29.079401,96.760315,110.954445,-7.9774632,68.095825,120.75061,-69.98048,103.53693,95.86372,-57.25344,76.348404,105.566574,-128.97733,106.868645,91.09535,-67.9474,79.41787,101.97832,-141.06516,106.26416,88.98942,-66.59759,78.53298,98.52591,-141.5107,104.60517,90.61436,-58.13501,78.37895,99.63936,-129.77069,85.63265,138.89186,16.245897,74.24811,138.58649,-16.204464,88.69919,164.44315,59.96551,74.123924,169.55304,-31.74088,93.58372,186.8317,132.96432,72.15798,197.38657,-34.140278,91.59151,190.73883,138.90738,71.4903,201.29086,-36.56195,104.53566,194.25755,113.18219,76.68779,208.456,-74.961266
Squat_174.jpg,54.620228,99.4297,-40.480118,55.849224,97.38016,-37.44516,56.700096,97.34245,-37.446877,57.564377,97.29471,-37.436623,53.535107,97.469986,-35.996937,52.72363,97.477066,-35.980503,51.90127,97.48947,-36.024612,58.958984,98.367966,-16.941944,51.317688,98.55529,-9.4960575,56.489616,101.56553,-32.97317,53.428005,101.65899,-30.76986,65.17085,109.57268,-9.530895,47.378014,110.65826,11.021465,72.15459,122.91706,-41.045788,43.838978,124.97372,-11.90558,71.71637,109.02079,-81.499306,40.449177,112.521484,-59.835716,71.980125,104.50357,-90.61206,39.416363,108.70712,-69.41871,72.02075,103.12559,-88.28529,39.39023,106.92286,-68.6925,71.26617,105.05333,-81.5416,40.773056,108.22923,-61.02948,63.620655,140.16669,-6.85482,52.772648,140.52129,6.890489,64.828445,161.52515,-0.25424784,49.639668,162.68716,12.694553,68.44385,178.99493,40.086323,47.554688,181.27177,50.38633,69.23721,181.10396,42.569748,48.835155,183.94315,52.488342,66.637215,186.36038,16.587646,43.189304,188.36736,27.976446
Squat_182.jpg,106.451,85.19162,-24.055735,109.474396,82.498665,-22.778645,110.71178,82.58469,-22.769756,111.99762,82.63409,-22.792625,106.650276,82.32307,-15.725473,105.77394,82.207886,-15.6684475,104.88313,82.11433,-15.60163,115.33341,84.71568,-10.07335,105.8271,83.6195,24.154978,109.15013,88.80017,-19.56955,105.23542,88.40524,-9.875189,125.27515,103.36461,-20.266483,97.92285,105.372574,44.107002,132.41231,127.71423,-31.886868,94.961586,129.91852,45.832428,136.57394,153.13203,-55.27928,89.49561,151.49698,4.9835353,139.8331,160.7658,-64.21512,87.89088,157.9701,-0.8195229,135.91617,161.11365,-70.81683,87.629814,158.17435,-12.821194,133.54042,157.87283,-57.821102,90.16641,155.89006,-1.6913441,119.49979,153.6167,-21.430569,102.74509,155.91502,21.61788,124.03634,193.07796,-26.123058,101.48303,191.96751,24.469898,132.74832,226.38525,1.4437993,101.828186,220.7163,69.2246,136.08765,230.7459,3.4019516,104.41685,225.18832,71.5529,129.11768,240.99393,-28.129162,94.79264,233.68509,41.516
Squat_188.jpg,161.74129,93.39828,-60.925407,163.47151,91.663536,-59.27413,164.3031,91.789215,-59.25939,165.16473,91.89992,-59.269447,161.31003,91.43733,-56.465164,160.5658,91.35077,-56.437187,159.82117,91.28172,-56.42154,166.71631,93.590904,-40.275276,159.44331,92.607346,-26.524395,163.1934,95.99548,-53.203606,160.35007,95.64761,-49.250378,172.13748,105.5807,-30.722853,155.2415,106.20862,-0.057566293,176.24484,121.1799,-25.836355,154.34647,122.747345,12.671904,178.60905,136.50513,-43.544243,151.5669,136.25151,-14.355824,180.94913,141.11566,-49.103256,150.02284,140.56265,-17.22374,178.558,141.5854,-55.40628,150.76562,141.00114,-27.8507,177.02554,140.35733,-45.596,152.60405,139.73059,-18.932243,170.79602,136.37843,-9.489799,160.37039,136.81578,9.556336,169.5538,158.61282,-27.320427,156.99359,160.49474,0.3834185,171.31699,175.95166,12.382815,156.71436,183.5146,26.383902,171.29242,177.30843,15.49707,157.84422,186.94601,27.48642,171.33731,185.5814,-6.6164722,153.04295,191.58319,1.9645493
Squat_191.jpg,144.3386,88.30791,-144.49248,146.3157,85.14371,-138.72537,147.72275,85.14747,-138.7397,149.1661,85.12395,-138.7401,142.42476,85.16317,-138.39677,140.96402,85.122345,-138.34845,139.4937,85.11786,-138.30196,151.25882,87.38638,-99.41259,137.88675,87.24936,-95.06702,147.14156,92.04193,-129.56981,141.8255,91.985954,-128.39496,161.30577,108.06546,-67.51702,128.35226,106.96248,-62.376236,168.24106,131.50491,-52.256195,122.21702,130.62958,-49.55031,169.75754,154.24738,-84.49865,115.14151,152.43942,-83.699234,171.30862,161.12175,-93.45913,112.37744,158.8638,-90.58731,169.16702,161.15582,-105.120964,112.11917,159.38474,-105.608505,167.38202,158.45695,-89.723236,114.94015,157.3176,-90.624954,152.64691,154.5081,-1.0529485,132.90398,154.4194,1.1845845,159.71198,185.56894,-23.824186,129.24095,187.07027,12.841919,162.01659,215.71634,38.211624,126.34094,212.14252,89.30928,160.33496,220.00931,42.491016,128.09749,216.2353,94.678535,167.97585,228.61292,0.8583901,118.96837,223.92021,53.550163
Squat_195.jpg,31.44814,72.18644,-85.8048,34.57101,68.95397,-82.08514,36.10527,68.96642,-82.08204,37.661816,68.95936,-82.097,30.98767,69.00797,-77.331,29.811611,69.015274,-77.31834,28.612823,69.06208,-77.30255,41.649006,71.58251,-51.335686,29.495104,71.31439,-27.669678,35.267525,76.27602,-74.72771,30.235065,76.25318,-67.79875,55.349342,91.59904,-31.668158,22.963387,94.61554,4.6657867,70.81736,111.48764,-90.15016,12.994423,120.41915,-34.5327,71.49338,90.266815,-183.85756,8.554539,98.07509,-122.203384,72.31266,84.35983,-201.84082,9.232922,92.542946,-139.05777,71.30193,81.01138,-200.03397,8.718457,87.75018,-137.52303,69.40645,83.63263,-184.82082,10.8904,90.006516,-123.7472,52.09379,146.85498,-14.351473,32.858322,147.19353,14.512927,49.938587,190.86722,-4.7272654,23.747713,186.3937,26.609798,56.167976,226.0402,61.72272,18.77366,220.05666,91.73139,58.394394,229.99821,66.1227,21.32381,224.34677,95.73873,52.63687,241.26701,22.572866,8.621893,235.68849,55.941025
Squat_198.jpg,30.133934,74.1199,-99.50604,32.50485,71.335495,-94.33848,33.70571,71.2899,-94.352165,34.953053,71.22247,-94.364815,29.309122,71.61476,-91.84083,28.325472,71.70582,-91.78932,27.326794,71.828735,-91.7645,38.18961,73.96024,-60.326828,27.51105,74.51168,-48.040848,33.275463,78.05734,-86.92062,28.992538,78.25995,-83.45546,51.06994,96.70883,-34.680916,18.98203,98.45543,-21.278675,57.27623,123.52261,-23.548014,15.902936,125.004715,-11.095931,62.63895,148.16495,-64.69572,10.267515,148.14636,-58.572678,65.597404,155.81158,-74.51891,8.598337,155.12828,-66.83191,64.33504,156.69925,-88.09192,7.118464,155.08505,-84.07773,62.306973,153.56653,-70.90231,9.514414,152.58595,-67.134186,45.13168,148.45721,1.6800283,25.176497,149.99193,-1.4324785,48.497906,188.42795,-3.0994768,26.491909,190.5054,-15.2633915,51.395992,220.65057,62.994537,25.925537,226.09866,46.51864,50.58967,223.99452,66.94636,27.099709,229.82964,49.820984,54.39907,236.79428,23.13987,23.249577,242.77733,1.4206955
Squat_206.jpg,144.24512,85.367966,-128.03232,145.90572,82.70743,-122.944374,147.0566,82.729614,-122.933975,148.23683,82.72578,-122.88667,142.43982,82.65593,-124.15576,141.18779,82.60765,-124.143364,139.92899,82.59191,-124.15618,149.54622,84.58206,-85.546265,138.29811,84.224014,-91.78817,146.31311,88.83303,-113.576355,142.04538,88.67966,-115.34475,158.41989,103.31812,-50.09817,127.92029,103.48181,-71.89244,161.84792,126.45947,-31.675312,123.98935,128.64798,-68.201,165.00352,146.79446,-67.339165,122.01413,151.72513,-90.28403,166.87111,152.66173,-76.83726,120.491974,157.68658,-97.017365,166.30345,152.98431,-89.35503,120.78793,158.49448,-109.96159,164.38449,150.99997,-73.86578,123.10001,156.3741,-96.246346,152.69809,146.41728,9.09081,133.96095,146.94469,-9.0174,154.93393,178.73927,26.276768,129.79749,179.89474,-25.975273,155.80875,205.42427,86.90676,123.17979,207.75717,34.060215,153.67651,210.08606,90.43848,123.006714,210.9669,37.557457,163.06375,214.79929,55.68665,122.35803,220.07333,-4.493328
Squat_218.jpg,107.181274,90.57543,-82.92004,107.86165,87.818695,-75.74878,108.79851,87.7152,-75.754135,109.76825,87.596794,-75.76271,104.77637,88.03604,-79.07102,103.531075,88.05112,-79.03998,102.28641,88.10185,-79.062935,109.69343,88.93797,-33.591236,99.77837,89.59022,-49.962353,108.68273,93.4204,-67.08592,104.794266,93.66939,-71.84914,113.87903,106.06702,8.667587,92.13632,106.89202,-41.13875,114.808754,126.468315,32.76645,89.47658,129.37392,-44.78593,116.68312,143.55798,-12.694206,87.277695,149.94101,-81.70385,117.718544,149.05585,-20.79534,85.72908,156.14514,-92.930305,118.032104,148.58975,-33.632145,87.95545,155.41261,-101.761444,116.64445,146.5477,-18.871508,89.42717,152.86038,-85.51618,109.748276,147.78867,18.695631,96.95685,148.146,-18.47856,110.43919,176.34491,61.454945,91.634995,181.92003,-31.825361,109.80577,198.9235,136.08401,87.27874,209.35379,-15.515709,106.85027,203.64427,141.54869,86.37884,213.57936,-16.413551,121.94714,206.67458,115.44987,89.59878,220.96794,-59.258373
Squat_220.jpg,54.707695,98.17939,-46.707294,55.9821,96.27434,-43.67729,56.808002,96.250534,-43.675003,57.648235,96.21347,-43.67526,53.74005,96.40499,-42.08979,52.960274,96.44518,-42.08563,52.171,96.50202,-42.10402,59.02561,97.54302,-23.138208,51.729916,97.78506,-15.533257,56.532898,100.40241,-39.282013,53.51752,100.53183,-36.99802,65.289856,108.844345,-15.208416,47.86008,110.43866,5.5457883,73.184235,121.68205,-42.516502,43.21525,124.492355,-15.2556,74.111755,108.56124,-83.991684,40.071625,112.46477,-65.37133,74.594154,104.35963,-92.78369,39.732277,109.28006,-74.83674,74.26779,102.615486,-91.70895,39.58569,106.69973,-74.6501,73.44377,104.45462,-84.43846,40.759327,108.033325,-66.58846,63.77095,138.6091,-7.3349285,53.273884,139.40369,7.351055,65.61009,159.87308,2.8026173,49.803223,162.28914,9.034849,69.70308,176.35559,44.503494,47.632507,181.402,41.607918,71.19462,178.40562,47.389328,49.02139,184.11281,43.467842,66.421745,183.44745,25.344702,42.60245,188.52914,21.263752
Squat_223.jpg,86.209595,92.22999,-117.63349,87.804665,90.150566,-112.42771,88.8028,90.15624,-112.43392,89.82715,90.13772,-112.420715,84.82386,90.17473,-112.0931,83.81387,90.14526,-112.05563,82.798935,90.1415,-112.03313,91.4174,91.64996,-77.764565,81.68723,91.61217,-74.29013,88.27788,94.90396,-104.56619,84.50039,94.81869,-103.582,99.83606,107.412445,-50.058743,74.44075,107.14995,-46.266857,106.33389,126.84273,-45.12029,72.09985,127.14426,-35.728703,114.122574,144.47845,-74.68507,68.11445,144.38713,-64.92656,116.99107,148.45648,-80.78971,66.2183,149.27214,-69.38683,117.25813,149.40256,-92.39634,66.26482,149.39496,-81.68137,115.08699,148.301,-80.03412,68.21884,147.70949,-70.57718,94.95925,143.51917,-1.6620764,80.08053,143.39128,1.6839752,95.01156,173.43022,6.6240125,79.58402,173.2911,11.216322,96.8036,197.42337,62.5822,79.77588,197.58662,71.417465,96.1731,200.04738,65.89174,81.87341,200.61038,75.497765,97.983406,208.36775,28.294867,74.08954,208.38509,39.948086
Squat_233.jpg,142.44627,99.257774,-84.893265,143.6616,97.72354,-82.00544,144.35562,97.79203,-82.01288,145.0704,97.84277,-82.002754,141.64372,97.568596,-81.388336,140.92564,97.48424,-81.36466,140.20561,97.41131,-81.34949,145.85281,99.00655,-58.774475,139.18884,98.38718,-54.858665,143.5266,101.33585,-75.96219,140.94373,101.04973,-74.88058,150.39406,109.61004,-40.087406,134.01306,109.600174,-28.585114,154.74606,122.798485,-29.164211,132.91289,123.902596,-24.39364,156.48322,136.22485,-43.028694,130.25317,133.44693,-51.63711,157.79443,139.8069,-47.618637,129.34634,136.21274,-57.01999,156.78148,140.80605,-54.557915,129.00958,136.21951,-64.87057,155.59348,139.56297,-45.69297,130.10371,135.07637,-55.502953,147.64285,133.83481,-4.9611964,137.5745,134.03319,4.984206,149.08295,155.11389,-11.079917,135.70293,154.54587,9.240507,153.17209,174.41,15.4364195,135.80621,172.09435,47.79105,153.68471,176.41762,16.378738,137.53273,174.49069,49.899643,151.71051,182.05942,-15.036297,131.16518,179.04176,23.230053
Squat_235.jpg,104.73952,84.42672,-36.719215,108.1935,81.80764,-37.495434,109.37337,81.956535,-37.494133,110.59583,82.07212,-37.499405,105.823006,81.36642,-29.210054,105.24692,81.13604,-29.165253,104.652916,80.92642,-29.115189,114.40685,84.13974,-29.9706,106.504265,82.18389,9.325709,107.337944,88.22364,-33.897842,104.02326,87.47797,-22.64522,123.44087,102.57842,-41.6571,100.02959,105.21692,37.01466,129.9283,127.969635,-47.182106,99.42823,131.87685,44.139606,132.31369,153.28967,-66.32183,93.76825,153.36641,10.1735525,134.89026,160.72174,-76.383736,92.608604,159.25168,8.243443,130.93274,161.23697,-81.76918,91.26293,160.13947,-4.5453296,129.18042,158.33737,-68.281586,93.559494,157.97256,3.5237217,119.62593,153.47691,-24.54701,105.015976,155.3595,24.7092,122.59321,191.46588,-25.826534,101.77531,191.51509,26.18269,127.99584,225.39496,4.2004066,102.40574,222.86891,61.073395,131.24422,229.97894,6.102794,105.54353,227.82297,62.708344,121.1765,238.95247,-22.72201,93.12932,235.7826,37.313446
Squat_245.jpg,143.24443,88.85008,-156.8815,145.40047,85.47004,-150.83377,146.8944,85.482155,-150.84506,148.41696,85.46628,-150.83789,141.368,85.452774,-151.04657,139.86157,85.388725,-151.00562,138.34549,85.360176,-150.98296,150.81967,87.71522,-109.3746,136.94691,87.41939,-107.609024,146.33023,92.62297,-140.89288,140.80379,92.52569,-140.47568,161.525,107.44919,-70.07925,127.942764,107.49361,-77.21534,169.37462,129.90283,-49.06091,123.32579,132.70308,-67.024635,169.66563,155.01495,-81.03711,117.0984,154.18362,-94.99547,170.56342,162.35117,-90.443275,114.428925,160.35251,-101.652054,169.16737,162.62808,-103.23172,114.39908,160.9334,-116.99091,167.54602,160.09988,-87.31692,117.23901,159.04337,-101.73632,153.01913,153.91805,1.3281772,133.12074,153.73334,-1.1972078,158.99155,185.90884,-15.30817,128.99059,186.46423,6.1709037,161.15025,214.70647,51.75457,125.927765,210.97449,85.13253,159.04187,219.1445,56.316784,128.06355,214.93747,90.81316,169.31142,227.50189,16.587614,116.857376,223.51335,51.57094
Squat_258.jpg,137.4747,100.1107,-78.776245,137.78226,98.190186,-72.50667,138.47849,98.1017,-72.495834,139.20807,97.99929,-72.48777,135.51312,98.46052,-75.844666,134.56158,98.544426,-75.81464,133.61191,98.65297,-75.81778,139.16614,99.310394,-37.115757,131.68257,100.11551,-52.709465,138.75078,102.414406,-65.598236,135.7359,102.78181,-70.1588,141.7936,113.38321,0.22304562,126.71706,113.40112,-46.942802,144.17102,127.800644,24.242014,122.96833,129.98846,-47.964447,147.8352,141.02057,-2.4368896,119.551254,146.66426,-72.63573,149.69641,144.80954,-4.424926,117.08324,151.00656,-80.94005,149.3342,145.50092,-15.862426,119.114555,151.62308,-86.74277,148.08603,144.38553,-7.152964,120.52863,150.13205,-75.35954,137.67651,143.26358,17.672218,128.47154,143.1345,-17.534853,138.59572,163.93983,35.909046,123.70373,168.29602,-26.286674,137.85773,180.43982,89.58551,118.91965,187.31493,-0.22798645,136.33826,182.91757,93.26155,117.1304,189.33319,0.6243961,143.09383,188.73944,70.83857,122.392624,198.54405,-34.079666
Squat_260.jpg,32.726902,92.77485,-119.44085,35.100582,90.38167,-116.530304,36.198868,90.46435,-116.535995,37.33333,90.51402,-116.51726,32.3694,90.17977,-113.03691,31.489033,90.051186,-112.99416,30.602219,89.94819,-112.94471,40.131824,92.058365,-90.163956,30.96484,91.12367,-72.131134,35.19511,95.72856,-109.298836,31.629175,95.32543,-104.14536,50.690166,107.801025,-70.41292,23.737896,107.429054,-40.902126,55.248314,128.70575,-63.85199,23.72652,128.10632,-27.69683,58.152386,148.64218,-81.717896,20.87307,146.03107,-62.304264,60.29021,154.12782,-88.743576,20.049288,151.49208,-69.09474,58.25329,155.14966,-98.25291,19.819466,151.88976,-82.16022,56.4171,153.16347,-85.41632,21.819057,149.94089,-68.51641,47.376564,144.99167,-8.057077,31.414791,146.0057,8.116878,51.03694,177.02734,-16.707747,31.216625,176.11829,21.397825,59.314663,201.62627,28.155575,31.40857,198.04399,95.845,60.169735,203.69464,30.945559,33.514935,200.2492,101.66307,59.619133,215.64749,-9.98665,27.233175,211.20245,68.45308
Squat_270.jpg,47.22889,94.77055,-111.55769,48.36782,92.978035,-105.42258,49.32034,92.975945,-105.41494,50.297695,92.9562,-105.39108,45.372856,93.0913,-106.845924,44.306248,93.157776,-106.82563,43.237083,93.250015,-106.84767,51.186947,94.94363,-68.776825,41.525177,95.22457,-75.01857,48.99704,97.67568,-97.88368,45.165184,97.790085,-99.6495,57.778564,110.25146,-40.94777,34.856174,109.92076,-51.164604,62.71248,125.96172,-33.951954,30.875828,126.60172,-45.3931,66.74596,139.73515,-72.54501,27.350557,142.08043,-71.25068,68.95873,143.64655,-80.8711,25.519255,146.33064,-77.73019,68.1218,144.19879,-91.911125,26.037365,147.3099,-89.46281,66.7316,143.08092,-78.07862,27.81319,146.09782,-76.63786,53.44974,141.2887,5.679281,39.341972,141.03825,-5.657299,56.370724,165.4531,24.275301,36.626984,166.77032,-1.729421,59.632164,184.70459,88.76863,32.9982,188.89479,44.863274,58.634438,187.79869,93.15691,33.452557,191.89325,47.348583,64.072495,192.53285,61.81571,31.186962,198.17827,8.5003805
Squat_271.jpg,166.29294,86.115875,-55.702896,166.31009,83.22081,-49.182384,166.8761,83.116104,-49.170822,167.4689,82.99631,-49.18667,164.14664,83.36426,-54.274677,163.13008,83.31322,-54.26297,162.10992,83.288795,-54.27109,166.3808,83.53816,-11.658227,159.55641,83.86642,-37.322365,166.89333,88.282,-41.931534,164.12054,88.391464,-49.077312,169.60718,98.63629,10.127394,150.35321,97.64897,-34.682423,172.68549,115.40949,-20.415266,145.0435,118.731636,-76.05915,180.63116,101.512924,-75.851746,149.69753,102.245605,-138.12085,184.09393,96.432274,-85.36978,152.12625,97.31467,-152.69948,184.28781,94.66695,-85.06198,150.68666,93.71367,-151.5704,181.92282,96.15451,-77.104,150.95232,95.54478,-138.71039,162.22171,139.66168,23.402351,151.01,138.8868,-23.348963,167.64723,168.44533,63.367237,149.73103,170.3973,-32.60562,166.51851,191.97481,131.07185,146.00089,199.63054,-23.446287,163.275,196.21117,136.59357,143.46657,203.93295,-24.642717,179.4004,200.36728,115.05969,154.8638,210.69923,-61.605408
Squat_272.jpg,120.11219,93.74384,-136.5308,120.387085,91.14003,-132.06636,121.23487,90.91712,-132.06436,122.10983,90.67586,-132.03572,117.627914,91.67683,-133.75705,116.54275,91.825615,-133.71791,115.45222,91.98989,-133.69635,122.44916,91.4796,-97.665886,113.254745,93.21182,-103.72725,121.710754,95.79091,-122.9916,118.14885,96.45524,-124.76228,129.92664,104.986916,-65.36431,106.70602,106.9996,-75.811646,134.2715,120.28804,-54.726784,103.37117,124.60241,-68.16057,135.22556,134.86006,-90.76558,99.8616,140.52435,-88.63281,136.39648,139.38728,-102.23652,98.28043,144.954,-95.72117,134.40182,139.47119,-112.23376,98.464874,145.59933,-106.33877,133.27066,138.00554,-95.92868,100.02432,143.89493,-93.487915,125.01517,136.10826,3.4130502,111.15945,136.28737,-3.387136,126.210205,162.4801,3.5736642,107.871315,162.18712,-0.5029009,129.11981,182.93962,53.627647,102.54193,183.3251,52.693848,128.23538,185.61636,56.35623,102.77706,186.14774,55.76834,132.04556,191.8744,20.410633,99.8995,193.16231,19.191788
Squat_285.jpg,143.42683,87.27835,-138.75005,145.53354,84.30951,-132.87137,146.93886,84.320335,-132.88417,148.38055,84.30492,-132.8832,141.69318,84.34175,-132.34679,140.30629,84.31836,-132.3072,138.91081,84.3296,-132.26918,150.84064,86.72101,-94.40341,137.77052,86.64019,-89.40552,146.46782,91.097015,-124.28799,141.25253,91.06417,-122.92132,161.5042,107.75158,-61.275757,128.89267,106.580025,-59.826336,169.92694,131.25333,-46.589035,123.12939,129.82646,-48.322346,174.55719,154.31981,-76.86434,116.250885,150.80984,-83.515274,176.95212,160.72064,-84.69954,113.40496,156.94174,-91.00652,175.61969,161.047,-97.32291,113.06477,157.18376,-105.72099,173.62617,158.78993,-82.73906,115.67458,155.33826,-90.554306,153.04433,154.10875,0.720885,132.95901,153.93317,-0.57496035,159.98015,184.74753,-27.023853,129.27501,186.62512,2.3611631,162.31728,215.43848,36.659313,126.56384,212.2031,78.17304,160.9199,219.70068,41.036896,128.4742,216.11327,83.383064,167.77678,228.37553,0.1304501,118.95957,224.17517,43.21613
Squat_300.jpg,47.527122,94.859604,-117.58138,48.644493,92.90143,-112.12785,49.582066,92.89974,-112.12386,50.54083,92.88079,-112.09937,45.620243,92.997696,-113.69901,44.529346,93.0477,-113.67969,43.440914,93.12029,-113.70049,51.16603,94.75781,-75.97953,41.45977,94.946884,-83.36263,49.06344,97.76947,-103.92978,45.296375,97.84678,-106.04754,57.371666,109.98201,-45.52072,34.63907,109.9218,-57.216923,61.814865,126.0318,-34.679535,31.203972,127.02416,-51.234863,65.8477,139.39853,-68.69841,27.377506,142.30228,-77.633354,67.96985,143.04523,-75.88025,25.311974,146.40349,-83.50697,67.5282,143.55325,-86.857124,25.553368,147.39717,-95.52443,66.13264,142.48256,-74.016754,27.458796,146.16289,-83.06687,53.32533,140.38612,6.553752,39.41526,140.13461,-6.536068,55.418888,165.03665,26.4273,36.613777,166.01242,-8.388968,58.57688,185.2209,84.912094,32.90065,189.5453,27.90919,57.5941,188.71638,88.6284,33.014286,192.68988,29.370869,63.377544,192.26031,57.114197,32.117332,198.87206,-10.065979
Squat_303.jpg,118.79147,96.10794,-137.52783,119.85019,93.47208,-133.5062,120.79429,93.31016,-133.50131,121.76416,93.12913,-133.47845,116.993744,93.84547,-134.18822,115.98459,93.9224,-134.1514,114.97032,94.017136,-134.12239,123.003044,93.97001,-99.7811,113.70311,95.00555,-101.51555,120.76813,98.17168,-124.247505,117.18225,98.5834,-124.74618,130.22292,106.93304,-67.40655,107.6357,108.48224,-72.438644,134.55496,122.91416,-55.95245,105.181725,126.15704,-60.274143,135.61423,137.96103,-85.79936,102.83858,141.561,-80.20403,136.95253,142.35245,-95.36987,101.71619,145.93628,-86.46614,135.18427,142.76494,-105.25289,101.72208,146.51851,-97.38522,134.01353,141.34325,-90.71162,103.142586,144.96344,-85.187874,124.13771,137.88623,3.386477,110.468704,137.96724,-3.389618,126.10494,164.7427,9.844168,107.579636,164.13293,2.8097868,129.54066,185.0712,60.16149,102.92352,186.44736,49.26271,128.79659,187.88345,62.94737,102.979004,189.5249,51.73397,132.92604,193.76166,26.444845,101.796265,195.99042,13.843908
Squat_319.jpg,54.492188,98.60329,-60.355278,55.817787,96.45148,-58.020004,56.699955,96.41093,-58.014946,57.59772,96.362045,-57.997864,53.50992,96.55477,-56.033646,52.6868,96.569824,-56.01359,51.85611,96.590805,-56.054295,59.107048,97.62545,-39.291767,51.43345,97.81978,-28.826557,56.45405,100.853096,-53.340286,53.327354,100.950935,-50.242302,65.41525,109.68178,-30.725159,47.74014,110.483665,-5.6495776,70.79229,124.45337,-63.667717,42.718643,124.7623,-26.630882,70.69032,110.16734,-107.88596,40.369125,111.782135,-73.073296,70.58814,105.78011,-117.59386,39.9204,107.90709,-82.18647,71.24882,104.15782,-115.502594,39.8192,105.98318,-80.69798,70.575714,106.0414,-107.99635,41.133114,107.39923,-73.907036,63.45931,140.20557,-9.45021,53.287376,140.46008,9.488699,63.7136,162.08905,5.1518154,49.454662,162.36142,21.776608,67.72659,179.78168,49.50365,47.18274,180.55191,65.97858,69.277756,181.88795,52.52423,48.591015,183.31927,68.82528,64.43626,187.37761,27.5779,41.471245,187.38028,46.010082
Squat_330.jpg,151.62659,88.48817,-88.47383,153.18848,86.86296,-83.98198,154.06264,86.94471,-83.97568,154.97157,86.995026,-83.97202,150.49493,86.84326,-83.60401,149.6146,86.84616,-83.562935,148.73366,86.87669,-83.545975,156.4182,89.00158,-55.39729,147.59471,88.796616,-51.291035,153.3013,91.79417,-77.90926,150.04228,91.66605,-76.736534,165.4418,106.77647,-37.09637,139.37993,107.07905,-29.119919,172.2395,126.07991,-31.450417,136.2819,127.30449,-20.42312,178.70949,145.26949,-59.829273,131.89276,146.00578,-45.49184,181.95413,150.12904,-67.72603,129.81917,150.83466,-49.38627,179.93976,151.10518,-78.10904,130.02155,152.13272,-63.241936,177.86234,149.576,-64.315414,132.68558,150.82114,-51.669037,162.51422,145.32796,-1.3725526,146.25444,147.01828,1.398341,167.9656,174.17776,-0.96810573,145.15384,175.96547,7.5498505,174.59937,195.93669,52.43239,143.9157,198.05115,67.11824,174.79596,198.945,55.95174,144.77518,200.72769,71.218506,177.18678,204.979,23.632706,142.81387,207.67758,38.587406
Squat_333.jpg,135.0408,91.45231,-48.999237,136.2197,89.628006,-44.087334,137.00015,89.649506,-44.07504,137.79309,89.66225,-44.073414,134.0432,89.584854,-43.855114,133.25018,89.52242,-43.8429,132.4552,89.485,-43.857906,138.84518,90.69671,-17.513618,131.61192,90.395615,-17.0027,136.5412,93.56357,-39.6497,133.62509,93.45616,-39.380093,144.14658,101.50253,-6.0798664,126.36437,101.951546,-11.009989,149.92322,114.48201,-40.979527,124.14653,117.06114,-47.951466,149.87518,102.002975,-78.36917,123.374756,104.14535,-95.27434,150.8767,97.05493,-86.33564,122.47223,100.00711,-105.46305,150.08974,96.22576,-83.067085,122.51814,98.4547,-102.73286,148.9303,98.22111,-78.162415,123.850174,100.11942,-95.31132,141.28224,130.00089,4.47427,130.18321,129.7976,-4.380432,144.04097,145.99217,-40.569168,127.35446,142.74173,-66.48261,137.72743,157.44772,16.530422,123.89318,160.9607,-25.780209,136.19916,158.0756,21.366905,123.636444,162.9046,-23.088839,136.4604,164.58072,-3.775802,124.15059,168.84807,-50.561207
Squat_343.jpg,113.63869,97.41345,-74.63701,113.79883,95.58234,-68.09832,114.42154,95.58166,-68.0896,115.07963,95.560356,-68.0817,111.54128,95.52005,-72.52078,110.54952,95.4492,-72.485275,109.57327,95.40149,-72.50475,114.12101,96.535255,-30.98889,106.802666,96.31998,-51.23615,114.16918,99.5401,-60.456726,111.2613,99.43954,-66.36069,115.9339,109.26142,6.4382544,100.350685,108.43509,-43.068424,118.77512,125.57471,31.4254,98.90906,126.66963,-41.536804,121.95158,139.28209,6.725766,94.98767,141.32526,-63.12036,122.89622,142.6715,4.9418793,92.90212,144.80957,-69.8871,123.6712,143.20538,-6.2502074,93.96209,145.33215,-76.964096,122.58548,142.19983,1.7466164,95.753746,144.10156,-65.86428,113.9841,137.93849,18.552694,105.10411,138.50009,-18.433773,111.23474,162.8865,37.9991,103.19758,164.32983,-15.570388,108.35784,181.617,94.00293,101.14355,185.00421,21.302364,106.235275,184.76103,98.03456,99.36291,187.7409,23.632559,114.858635,188.89633,74.890945,105.77759,194.0813,-8.163585
Squat_345.jpg,143.1161,89.64617,-143.27658,145.33936,86.22034,-137.86456,146.84561,86.20577,-137.87212,148.38577,86.16303,-137.86336,141.27528,86.23489,-137.37553,139.78105,86.179634,-137.33504,138.27774,86.157875,-137.30132,150.96193,88.22763,-99.595146,137.00279,88.09028,-95.165085,146.30064,93.32735,-128.62376,140.73352,93.27567,-127.39149,161.86942,108.59504,-65.36172,128.09525,107.53572,-63.522114,169.17719,131.90619,-47.39027,122.783875,131.41194,-50.559868,170.52426,155.32089,-73.4991,115.076935,152.26764,-79.782196,171.98257,162.12914,-81.12593,112.20009,158.17894,-85.18694,170.14569,162.43204,-92.85507,111.632545,158.815,-99.9607,168.38843,159.9521,-78.77949,114.50783,157.08774,-86.420685,153.15224,154.68013,0.04978871,133.05931,154.42307,0.08764829,159.05096,186.16037,-19.601389,128.65591,187.06314,4.770054,162.03622,215.82878,40.088577,125.25075,212.01003,78.78906,160.34764,220.06718,43.98985,127.13713,215.72528,83.89442,168.41177,228.93933,3.3742313,117.55774,224.77289,44.882763
Squat_346.jpg,119.64249,93.03873,-143.28203,120.195435,90.48205,-138.5942,121.09901,90.28292,-138.59038,122.028946,90.06882,-138.56123,117.34574,90.985954,-139.92288,116.2764,91.14046,-139.88953,115.198166,91.310875,-139.87125,122.77313,91.15402,-103.18048,113.35216,92.733315,-107.25131,121.484505,95.27991,-129.47275,117.78534,95.901825,-130.66919,130.4909,105.702644,-69.679825,106.71681,107.62875,-77.31953,134.35727,121.35407,-61.90773,104.06831,125.929146,-67.34715,134.8036,136.37955,-102.666405,100.858406,141.50291,-88.57568,135.90083,141.28865,-114.52529,99.45235,145.88382,-94.685715,134.10977,141.44392,-125.394325,99.38698,146.45622,-106.176445,132.99123,139.84387,-108.315155,100.86233,144.81543,-93.74424,124.74339,136.94653,2.1322927,110.61311,137.03267,-2.1235633,124.961685,164.44983,5.2642946,107.12579,164.49059,5.9588833,128.22603,184.209,57.33609,103.05825,186.63708,58.68153,127.33466,186.6374,60.240295,103.533615,189.73383,61.706745,131.82278,193.47234,25.057333,100.15137,196.53734,24.421738
Squat_349.jpg,155.87909,89.50133,25.423779,154.60504,87.5798,16.651108,153.80629,87.5874,16.668486,153.04436,87.594154,16.688011,156.93234,87.465256,19.495832,157.80383,87.34875,19.534166,158.66791,87.2543,19.521843,152.85387,88.68424,-6.346783,160.43388,88.23628,8.382277,155.36299,91.24823,19.100676,157.65509,91.05087,23.444098,150.3532,101.03711,-17.350504,170.22992,99.38143,14.747229,148.66656,116.82764,-14.643891,176.5259,116.39517,7.7554426,148.91412,111.45542,-9.455188,168.65,113.3627,-17.594538,148.42876,110.39135,-12.0623255,166.605,112.90186,-18.68463,149.57733,108.45068,-12.237066,164.4906,111.97882,-20.640915,150.69377,108.43955,-9.655175,165.31973,111.76599,-19.104137,159.18498,135.63025,-12.574912,169.60779,134.35811,12.658879,152.82854,159.63745,3.8583047,166.46101,161.13193,15.709345,148.2965,181.33566,26.601707,169.88127,187.72412,28.21849,149.535,184.51941,28.493652,172.3288,191.79828,28.682789,139.95529,186.11453,21.283724,161.81468,194.33401,19.705915
Squat_368.jpg,54.517906,98.61509,-51.796463,55.837692,96.71727,-48.642086,56.682907,96.71039,-48.635414,57.54291,96.69467,-48.633667,53.527363,96.79796,-46.744476,52.71705,96.81197,-46.731617,51.898186,96.8447,-46.74724,58.84958,98.03696,-28.471008,51.31401,98.09154,-18.796833,56.238815,100.881096,-44.62434,53.20302,100.94095,-41.777973,64.689964,109.86564,-25.78761,47.507153,110.59825,2.3648412,66.98842,125.34795,-63.323605,44.371544,123.584564,-26.036747,62.38301,112.32234,-103.55735,41.857674,111.747795,-77.360245,60.875908,108.280754,-113.58288,41.11982,108.249855,-87.12529,62.025284,106.323265,-109.862236,40.88056,106.597725,-86.154724,61.701057,107.98909,-102.90593,42.287056,107.742645,-78.44481,63.50296,138.76915,-9.136062,53.240124,139.53033,9.150929,65.395836,159.97383,5.930625,49.617317,160.93245,22.563244,70.056015,177.65102,51.30269,46.617325,178.98575,67.504555,71.39543,179.81056,54.49407,47.718643,181.58385,70.363716,67.36615,184.53711,29.672314,42.0209,185.52235,46.73376
Squat_37.jpg,47.92656,94.65755,-116.23696,48.980007,92.69563,-110.4592,49.9312,92.679794,-110.45073,50.903614,92.64792,-110.42685,45.912018,92.82141,-112.0251,44.807682,92.885254,-112.001,43.70233,92.97234,-112.018585,51.551853,94.58698,-73.65578,41.712807,94.92206,-80.886314,49.560528,97.6001,-102.434296,45.675976,97.73728,-104.5134,57.869774,110.140976,-43.18757,34.939796,110.16893,-55.109314,62.507027,125.77043,-34.696705,31.793201,127.40591,-48.991215,66.39153,138.88734,-74.92754,28.375683,142.32251,-75.90991,68.53469,142.78683,-83.69768,26.476128,146.38277,-82.25754,67.72605,143.16125,-94.52148,26.608953,147.30602,-93.94853,66.38176,141.94284,-80.472565,28.318832,146.04759,-81.28206,53.585114,140.62381,6.7277427,39.509663,140.25269,-6.6953354,56.066956,165.09425,24.124485,37.101578,165.98328,-9.109865,58.761223,185.42793,83.67416,32.986275,189.56537,29.85294,57.541317,188.88474,87.39633,32.94825,192.83559,31.384083,63.81158,192.5889,54.972557,32.345238,198.6242,-8.7633705
Squat_375.jpg,144.33876,85.12474,-141.33826,145.81259,82.38186,-135.66469,147.07617,82.34087,-135.65825,148.36691,82.27768,-135.61324,142.04427,82.54985,-136.73589,140.66037,82.599304,-136.7198,139.26868,82.68496,-136.72173,149.61862,84.415764,-95.014694,137.28636,84.77841,-100.92752,146.66078,88.62953,-125.76781,141.88623,88.79461,-127.412125,158.33145,103.53891,-56.625366,127.70984,104.35618,-79.105804,161.51756,127.14123,-39.06176,123.14135,129.78067,-78.63852,164.6096,147.87451,-75.212105,119.25026,151.67694,-104.7782,166.5043,154.02719,-84.162384,116.92802,157.4054,-112.12729,165.92548,154.52307,-97.36273,117.169106,158.3129,-125.4658,163.91801,152.48166,-81.770836,119.70277,156.35919,-110.97693,152.60942,146.69739,10.794736,134.18571,147.36342,-10.676757,155.68738,178.4232,31.234127,130.59045,180.72516,-37.72264,155.5712,205.43854,102.8049,122.05743,209.28134,24.8183,152.61948,210.54506,107.56631,121.21089,212.50879,28.891592,165.50027,214.43988,75.18568,121.541885,222.31013,-13.115179
Squat_376.jpg,166.30322,86.31218,-46.206436,166.1068,83.30944,-40.133324,166.4935,83.19866,-40.128357,166.9141,83.0756,-40.153366,164.35971,83.47087,-46.397324,163.42973,83.40166,-46.38913,162.49455,83.363976,-46.403797,165.57408,83.56102,-5.272172,159.87106,83.86588,-35.606567,166.62373,88.436295,-33.269188,164.28006,88.54564,-41.773994,168.73123,98.641205,16.6189,150.67223,97.807335,-37.726345,173.03833,116.22582,-10.11931,147.02129,118.84413,-73.485374,180.58939,102.595566,-63.116524,148.18716,102.3981,-117.62455,183.76297,98.0562,-70.8104,148.95695,97.24719,-129.87291,183.92488,95.59583,-71.992355,147.52028,94.05003,-129.15634,181.83037,96.90242,-64.97958,148.25531,95.81649,-118.21221,161.77039,141.1122,24.657915,151.03679,140.58264,-24.556423,168.25417,167.90479,66.87466,149.11687,172.9559,-24.05588,166.71223,191.0896,135.02621,146.09767,200.43153,-9.806976,163.08597,195.2481,140.77916,144.1435,204.43121,-10.287631,180.15092,200.653,122.22587,153.23677,212.2096,-44.229248
Squat_38.jpg,81.49869,73.05385,-40.26123,84.81519,70.48304,-35.129242,86.25984,70.59054,-35.108852,87.732834,70.67425,-35.104824,81.258545,70.334984,-30.988039,80.21103,70.29918,-30.968943,79.14282,70.2929,-30.949667,91.73011,73.469864,-3.8922858,80.41779,72.664825,15.916494,85.20911,77.245155,-29.38114,80.52047,77.009476,-23.678003,102.43149,94.20173,17.06302,72.87011,93.6303,41.13227,111.25404,116.991356,-32.93099,62.726288,116.983536,4.042302,113.21457,95.50513,-118.958755,58.861588,95.62976,-78.09711,114.78584,90.27277,-133.56064,58.448475,90.59674,-93.07487,114.53967,86.90497,-132.4643,58.624214,87.03641,-90.50953,112.51733,88.52224,-119.76879,60.317947,88.915306,-78.59627,97.52105,142.50958,-5.8209457,77.22,142.74048,5.8923645,105.15813,186.21893,-23.58694,68.38829,184.07288,-16.71955,107.33787,222.86311,37.88635,62.433685,220.75578,45.427895,106.29791,227.46259,42.036163,63.697567,225.54199,48.876484,110.91059,236.5542,-1.9968483,57.524055,234.61765,1.1041247
Squat_387.jpg,144.00943,88.68798,-159.8454,145.92499,85.4223,-154.05733,147.30873,85.39451,-154.07166,148.72433,85.34041,-154.05971,142.0711,85.5298,-154.08348,140.6519,85.51753,-154.03778,139.2273,85.54328,-153.98694,150.93086,87.478004,-112.956245,137.76997,87.576225,-109.521576,146.88017,92.35642,-144.07993,141.69852,92.41248,-143.16168,161.66263,107.48178,-75.87498,128.39948,107.350266,-79.31517,170.92392,129.37253,-63.154167,123.40231,131.95786,-69.988144,173.02249,152.52103,-99.74866,118.486374,154.4237,-101.84914,174.69801,159.2767,-110.23337,115.926216,160.94086,-109.33425,172.54414,159.47346,-122.47864,115.9841,161.874,-124.6859,170.8009,156.99315,-105.709076,118.8672,159.8408,-108.79248,152.68164,153.91835,0.4875232,132.7996,153.69449,-0.38266212,160.04912,185.41805,-31.399855,128.92737,187.01523,10.3573675,161.75607,216.13895,32.727684,126.10513,212.44617,89.44234,159.94894,220.6422,37.08234,127.79942,216.59383,95.11288,168.46918,228.83472,-3.993488,118.992004,224.40639,53.95468
Squat_39.jpg,157.28612,89.82446,29.645285,156.25502,87.88432,22.001846,155.45483,87.85796,22.034367,154.69092,87.83528,22.059856,158.50745,87.843254,24.290897,159.40141,87.716415,24.28811,160.28644,87.60868,24.215351,154.43369,88.65825,1.2546016,161.94637,88.43332,13.828728,156.59402,91.42946,23.833155,159.07735,91.26278,27.723438,151.908,101.01794,-7.797448,169.44186,100.40805,13.686336,153.31953,115.986206,-19.750391,175.87988,117.31409,-8.58024,155.50508,112.293274,-35.10721,168.76424,115.093475,-47.96839,155.70966,111.57632,-40.629276,166.4442,114.59666,-52.98913,156.76456,109.761795,-40.291122,164.71906,113.98173,-54.396595,157.3926,109.81789,-36.17698,165.67656,113.63927,-50.47834,158.76947,134.70818,-11.900438,168.38889,134.32773,12.003776,154.19626,158.52277,1.1244152,165.83586,161.32002,14.629295,149.54608,179.35887,19.01074,170.14856,187.31003,26.192236,150.32004,182.32608,20.220716,172.84651,191.27774,26.25237,142.19069,184.76431,10.724492,161.59627,194.19217,16.605528
Squat_390.jpg,86.34418,92.46184,-125.786095,88.14027,90.29057,-120.57321,89.18799,90.329346,-120.574066,90.26167,90.34372,-120.55192,85.08385,90.18839,-120.154686,84.06036,90.11001,-120.11499,83.03163,90.05425,-120.09416,92.02205,91.86948,-84.16292,82.040726,91.45712,-80.674736,88.452614,95.21699,-111.97227,84.58132,94.98691,-110.96855,100.08396,107.68396,-52.618843,74.98808,106.779526,-50.31311,105.22116,127.90034,-42.99985,72.72601,127.312004,-41.64444,109.47742,147.70163,-68.77403,68.06868,144.0759,-76.27845,111.73975,152.28596,-74.82977,66.013176,148.83055,-83.46791,111.24405,153.79115,-86.4699,66.43782,149.04805,-95.56445,109.33267,152.2782,-74.05261,68.45699,147.42844,-81.95113,95.642555,143.36594,-1.751334,81.1639,143.25848,1.7584131,95.152756,172.78369,1.8022926,80.41912,172.95279,10.547736,96.72029,196.68622,55.71032,79.95086,197.57448,69.67933,96.21496,199.12964,58.667976,81.77644,200.71565,73.24396,97.122795,207.92429,18.129631,74.83357,208.29646,33.65376
Squat_40.jpg,143.62529,88.21798,-149.53833,145.78784,85.14409,-143.79887,147.24773,85.204735,-143.8092,148.7408,85.2368,-143.80397,141.83563,85.04553,-143.50298,140.3705,84.964905,-143.45966,138.89545,84.91928,-143.42914,151.08609,87.5921,-104.92735,137.45164,87.04875,-100.68491,146.59013,92.11916,-134.66747,141.17088,91.91278,-133.50478,161.96893,107.691986,-70.757645,127.935455,106.92613,-70.28277,171.6686,129.50565,-51.865746,122.4708,131.24179,-57.094906,173.47945,153.10406,-80.944916,115.339905,152.21167,-86.280594,174.85384,159.96208,-90.04001,112.52694,158.15068,-92.36037,172.92972,160.12961,-101.98733,112.31961,158.58165,-107.6879,171.13023,157.81485,-86.380104,115.2326,156.90974,-93.033295,153.43423,153.04597,-0.39541984,133.27185,152.79842,0.5397112,159.23093,184.17914,-21.15997,129.62013,185.34064,11.433357,161.77641,212.6784,49.838562,126.17827,209.3098,92.53453,160.09361,216.44476,54.872677,127.929886,212.72705,98.395424,167.36978,226.56601,14.096144,119.24392,222.56468,58.97083
Squat_434.jpg,82.64956,90.697174,-88.92939,83.21477,87.29334,-83.701096,84.333855,87.11685,-83.672035,85.48778,86.92452,-83.67415,79.889175,87.71032,-86.84364,78.46205,87.7965,-86.82205,77.0267,87.91439,-86.81755,85.75888,88.03124,-46.295124,74.16469,89.319695,-59.562447,84.45374,93.6228,-74.071655,80.06986,94.14121,-77.997925,93.631165,105.56225,-10.754222,65.07899,107.780464,-52.27995,102.16094,126.72475,2.7218547,62.721527,134.26692,-49.229633,100.76407,146.51266,-49.822506,58.676422,162.2811,-72.114075,100.26971,153.33453,-60.234184,56.00129,170.04604,-79.76788,98.25489,151.78276,-71.04324,58.549896,170.91069,-92.74133,97.22868,149.67877,-55.15395,61.66117,168.18489,-77.42008,89.48699,157.57825,16.75052,72.41194,158.95743,-16.498323,89.218094,189.94662,40.332516,67.724304,196.37762,-23.09761,87.85277,215.174,103.385475,61.565796,225.78218,11.2094555,85.033455,220.20515,107.87331,59.5652,230.08469,12.430677,97.69625,224.96422,83.067276,65.04753,238.80383,-26.062004
Squat_460.jpg,54.52513,98.8784,-48.495823,55.67354,96.78808,-45.80903,56.51097,96.704056,-45.803356,57.364704,96.61159,-45.77742,53.455692,96.98507,-44.058884,52.675476,97.03058,-44.033405,51.886303,97.07772,-44.080673,58.840527,97.65895,-27.067963,51.489555,98.187645,-17.35502,56.504837,100.97048,-41.528084,53.553616,101.20164,-38.67499,65.32963,108.977615,-19.152246,48.193733,110.21522,3.528103,72.61193,122.02391,-50.495087,42.428787,123.76677,-19.976738,74.4006,108.30942,-88.68197,40.08642,110.99733,-64.856834,75.2085,104.04031,-97.29968,39.163025,107.0935,-73.70247,75.29192,102.70047,-95.44506,39.535698,105.57326,-71.980316,74.36392,104.743996,-88.72622,40.937756,107.08411,-65.670265,63.818542,140.47055,-8.739468,53.436867,140.78612,8.778336,63.975067,161.81276,-0.44444093,49.60028,162.58014,19.017853,68.49887,179.67776,38.905884,46.970806,180.31229,61.561844,69.96654,182.02206,41.344482,48.359276,183.13245,64.2027,65.452,186.78267,15.307129,41.65309,186.87912,41.238678
Squat_478.jpg,153.94029,87.04381,-103.7206,156.3985,84.1228,-99.861565,157.81015,84.12901,-99.87725,159.25826,84.101944,-99.875854,152.75201,84.16575,-96.51583,151.49672,84.14744,-96.468704,150.23233,84.15511,-96.427216,162.12851,86.24556,-73.0166,150.01729,86.09454,-54.928562,157.08328,90.56325,-93.557045,152.18867,90.49667,-88.37935,173.05501,105.83574,-61.94659,142.58379,104.99042,-26.80482,178.17497,130.66217,-60.507587,140.44104,128.1094,-14.945397,179.0607,153.68639,-83.40142,136.74513,149.16064,-48.763634,180.8766,160.51178,-91.75704,135.54576,155.93355,-53.844448,177.60783,160.67694,-99.98297,135.41116,156.48698,-67.03999,175.89552,157.93376,-86.824394,137.90393,154.36203,-54.865356,166.33076,150.65085,-11.18763,148.48611,151.1178,11.303414,169.06589,185.34099,-11.466957,144.85872,185.03096,16.119957,175.98459,215.17444,35.64969,142.37486,212.22507,70.53335,177.40892,219.06947,38.631844,144.71703,216.69684,73.93409,175.31325,227.82994,0.63477725,133.9822,223.07835,38.946304
Squat_49.jpg,29.382977,71.43648,-60.254116,32.20477,69.14736,-58.01507,33.37921,69.2295,-58.028572,34.583076,69.29531,-58.078373,29.759743,69.08581,-51.641914,29.057674,69.06676,-51.621216,28.33027,69.08963,-51.5785,38.59483,72.201065,-36.886917,30.238976,71.56967,-7.068961,32.704567,75.61842,-53.180054,29.133423,75.40715,-44.538532,52.32435,91.99344,-34.360695,23.532936,95.61577,23.299833,63.234844,110.12909,-97.61679,14.619711,118.61094,-4.690235,59.503197,90.46563,-177.61041,8.043829,98.89848,-87.41195,59.602417,84.790634,-193.52383,8.121637,93.95053,-102.31343,58.931602,82.96718,-191.57806,7.206794,89.86741,-103.43759,57.598183,85.46959,-178.19331,9.311361,91.542366,-90.12732,50.212452,147.46404,-17.988607,32.380013,148.64427,18.154928,48.82805,191.56023,-7.0950646,23.074821,188.00458,25.561275,54.648193,227.81,49.42727,17.211056,222.5604,77.84223,56.982166,232.4085,53.350956,19.822472,227.5695,80.740746,50.897285,240.66382,17.755829,5.890335,235.50064,45.479805
Squat_495.jpg,113.21021,96.62808,-99.09763,113.628555,94.578026,-93.42508,114.38806,94.54897,-93.39797,115.17702,94.49756,-93.37956,111.195496,94.65741,-96.59464,110.17058,94.65628,-96.55476,109.15769,94.67958,-96.55644,114.83682,95.88059,-58.537743,106.838196,96.088326,-72.663,114.23033,98.98881,-85.68847,110.95157,99.0577,-89.81115,117.26921,109.02576,-21.920109,100.6647,108.43338,-59.22956,118.784134,125.45654,1.0744438,98.155426,126.11865,-51.879112,119.64999,140.22798,-19.890749,95.372894,141.8341,-70.00942,120.19412,143.87833,-22.600685,93.7573,145.68619,-75.39059,120.43763,144.52928,-32.808,94.211365,146.31792,-83.810165,119.73846,143.31772,-24.402697,95.754364,145.06926,-73.35633,113.73314,137.43513,16.726645,104.73626,137.61932,-16.638664,110.18298,162.95888,35.56143,103.65901,163.11826,-18.166285,107.93303,181.42032,88.82837,100.57407,185.74011,11.655425,106.08507,184.21523,92.40472,98.50722,188.81123,12.975869,113.4024,189.57855,66.38724,105.388626,195.43947,-20.60184
Squat_503.jpg,165.40015,83.66614,-95.631905,167.28903,81.54785,-88.82977,168.39528,81.68902,-88.83154,169.53375,81.805885,-88.80539,163.79991,81.174515,-89.35079,162.60318,81.00354,-89.30269,161.39505,80.852234,-89.30118,170.60751,83.77407,-49.14623,159.39496,82.53668,-51.390785,167.08359,87.05267,-81.07213,162.73062,86.50712,-81.792274,176.56856,102.14037,-20.693789,150.1878,99.76712,-29.6314,181.54056,122.97705,-11.308007,147.25183,120.95415,-26.227552,189.09973,142.58981,-47.34727,143.0338,139.7834,-61.566628,192.34216,147.38986,-54.22133,140.94803,145.00894,-70.09557,192.5705,148.87045,-66.50264,141.53644,145.13692,-80.909195,190.35413,147.50961,-53.378082,143.31088,143.5445,-66.94225,171.74315,141.60948,2.7198474,155.57951,141.22212,-2.6082058,169.31348,173.07928,8.643906,154.96114,174.43176,-3.9945052,168.22435,199.68304,65.84351,152.80934,202.15445,50.64662,167.21452,202.272,68.76076,153.03935,204.89647,53.33383,166.96791,211.96875,24.918804,153.2012,214.44884,7.2568126
Squat_533.jpg,86.858795,92.77594,-117.51289,88.57707,90.57081,-112.28747,89.59368,90.61278,-112.291985,90.63922,90.631744,-112.278244,85.56726,90.46697,-111.87377,84.54931,90.38751,-111.83166,83.52769,90.33107,-111.801834,92.157135,92.135376,-76.92386,82.388084,91.6787,-72.586395,88.78077,95.541336,-104.03706,85.00368,95.30693,-102.83041,99.39154,107.811646,-47.574623,74.785164,107.44186,-42.575104,103.36272,127.17893,-39.476692,71.184616,127.16656,-28.349016,106.34863,145.86116,-71.68604,65.84644,144.02368,-56.534378,108.25538,150.43047,-79.77205,63.748123,148.69337,-61.848446,107.3489,151.43866,-90.75323,63.92058,149.23293,-75.538826,105.68454,149.88283,-76.954285,66.11499,147.72078,-62.621773,94.219864,143.5187,-2.845105,79.86615,143.61406,2.8431933,95.107635,172.369,-2.0040903,79.644684,172.50812,9.63088,97.26138,196.04333,50.258583,79.791245,197.2586,63.22465,96.901085,198.48238,53.04081,81.3363,200.51416,66.46251,97.119026,207.15782,12.479899,75.954666,207.61597,27.103222
Squat_547.jpg,104.30389,89.13094,-118.957565,105.300735,86.67105,-111.752754,106.41095,86.76716,-111.74204,107.55496,86.83132,-111.72188,101.80761,86.489876,-115.13747,100.382324,86.410385,-115.10615,98.95591,86.35212,-115.105896,107.27938,89.16919,-68.18392,95.736595,88.518394,-84.34012,105.63553,92.71088,-102.57798,100.94743,92.42781,-107.37478,111.285324,108.00964,-29.466972,86.207016,106.76141,-66.67458,115.18236,131.52898,-8.636811,82.87842,130.73907,-66.15777,121.97466,153.61809,-40.19584,78.8288,152.22742,-99.663704,124.77135,159.66086,-43.93068,76.32175,158.29063,-108.49991,124.62633,161.01001,-57.219307,77.55652,159.26237,-120.21195,122.5271,159.30347,-46.07949,79.97851,157.33795,-104.82847,108.05444,148.04596,17.393223,93.453995,148.98723,-17.233671,107.704704,185.34485,22.500353,95.59591,185.73541,-31.057217,105.8912,216.1963,66.35234,91.84639,217.13177,8.163458,103.52837,220.67415,68.39758,90.10658,220.70807,9.781838,112.73225,227.94063,30.80163,95.74982,230.76358,-33.1272
Squat_57.jpg,55.672638,99.52568,-51.342606,56.59938,97.36347,-47.70762,57.435974,97.256065,-47.69297,58.290535,97.13846,-47.68618,54.247902,97.65881,-47.211586,53.362465,97.74016,-47.19766,52.467808,97.84327,-47.22737,59.403584,98.22171,-25.663517,51.517406,99.07269,-21.7574,57.478584,101.591034,-43.301266,54.33745,101.947845,-42.076553,65.51234,109.64335,-18.377804,47.333244,111.26678,-1.6672095,69.556145,124.882645,-50.4371,43.499435,124.39468,-27.173136,66.063576,112.91445,-91.02971,40.246037,110.94587,-69.75633,64.813805,109.59384,-99.919586,39.164383,106.87909,-78.58945,65.72558,107.50541,-97.70705,38.89851,105.43236,-76.57993,65.32726,108.974304,-90.924034,40.46768,106.73996,-70.23157,64.1913,140.62883,-6.0963373,53.408485,141.64958,6.104028,65.56643,162.16003,6.6959443,50.31005,163.27615,24.532963,69.99524,179.65288,47.203415,47.356136,180.86092,71.46603,70.69495,181.92773,49.75181,48.441628,183.41081,74.44135,69.487434,186.60803,24.04947,42.774902,187.91309,51.198193
Squat_579.jpg,166.04799,84.64776,-86.7444,167.79353,82.26141,-80.84956,168.8928,82.34264,-80.85346,170.02888,82.401276,-80.84134,164.31172,82.01241,-81.16679,163.10455,81.874504,-81.123604,161.88574,81.75404,-81.12787,170.9818,84.04393,-44.665306,159.82285,83.1504,-45.634975,167.69856,87.79866,-73.227844,163.3959,87.41347,-73.58743,177.37035,101.964806,-21.223362,150.39514,100.0107,-22.47968,179.69788,123.54097,-8.322651,145.594,120.30003,-11.402753,180.69785,144.9028,-39.239613,139.46283,138.99313,-38.322777,181.87152,150.53267,-46.72572,137.38913,143.76031,-43.913273,181.19736,151.56573,-56.867817,136.92142,144.44052,-56.08555,179.75224,149.59192,-44.15067,139.02066,143.02895,-43.822754,172.20741,142.06366,1.5846786,155.76692,141.84248,-1.4805174,171.0168,173.69836,1.4968905,156.0601,174.17041,-2.605407,168.80057,200.80615,55.362503,152.01059,201.12402,50.441887,167.53325,203.69711,57.999912,151.84569,204.21013,53.17402,167.07706,212.25664,16.10931,152.40965,212.08896,11.455878
Squat_695.jpg,116.06895,84.489845,-70.52982,118.38715,81.53845,-65.868324,119.85089,81.515594,-65.870735,121.35569,81.46934,-65.84957,114.46076,81.60378,-63.69689,113.09446,81.58993,-63.6595,111.71846,81.60264,-63.65894,124.138596,83.509384,-38.88398,111.00348,83.57001,-26.980318,119.4075,87.94714,-60.472965,114.108,87.94015,-57.138176,134.1641,103.51783,-23.489931,103.2396,101.91012,-7.3151083,138.8487,127.90698,-14.073994,99.7984,124.754684,-0.57189566,146.47034,150.29477,-24.847778,95.320274,146.97755,-28.397293,149.94594,156.76953,-25.815392,93.526184,153.82645,-30.239487,149.5606,158.24475,-36.35495,93.087685,154.22723,-42.275066,147.0451,156.137,-28.96597,95.677025,152.14238,-33.89715,127.17838,151.6713,-5.082443,108.4244,151.68825,5.280139,125.17249,188.65633,-5.8239174,107.79878,188.4312,9.616435,128.16759,217.3847,46.60758,107.73686,216.01573,69.81285,128.3404,220.54608,49.45703,109.726555,219.6315,73.54336,126.33356,230.02954,11.064057,102.21144,227.58865,37.37321
Squat_74.jpg,47.948906,95.08707,-121.36358,48.845787,93.013794,-115.6752,49.768845,92.963425,-115.6698,50.712975,92.89605,-115.64525,45.794716,93.22487,-117.456215,44.672607,93.312294,-117.437065,43.552895,93.42371,-117.45739,51.18461,94.681915,-78.877655,41.42522,95.26029,-87.00628,49.489475,97.925964,-107.41014,45.69431,98.15329,-109.717896,57.68232,109.711655,-48.61089,34.443527,109.74076,-58.458435,61.33773,125.98035,-34.611645,30.114588,126.52794,-47.648514,63.854393,139.5089,-65.625275,25.85049,142.38889,-71.31883,65.55526,143.18694,-73.5999,23.892185,146.50208,-76.46926,64.9816,143.50882,-84.36699,23.723324,147.67876,-89.66667,63.8363,142.3486,-70.85904,25.580036,146.54489,-77.17339,53.55777,139.99854,5.804227,39.36018,139.81572,-5.7927046,55.315697,164.97542,25.975393,37.421116,164.9717,-10.640484,59.000137,184.92763,90.45506,33.388847,188.99445,29.790459,58.147686,188.33421,94.75192,33.3986,192.19933,31.649332,63.574074,192.09851,62.426815,32.950066,198.56693,-8.995729
Squat_76.jpg,104.10864,90.78249,-129.41734,105.43686,88.0831,-122.85529,106.61453,88.173546,-122.845695,107.823494,88.23402,-122.82922,101.75258,87.87303,-125.36011,100.297386,87.76455,-125.327995,98.83748,87.6761,-125.318184,107.84639,90.36159,-78.756386,95.63223,89.5658,-91.14318,105.47839,94.2728,-112.67726,100.66398,93.9313,-116.35413,112.09454,108.50064,-40.30362,85.70073,107.4551,-64.75312,115.3546,132.02148,-22.627836,81.13119,131.41273,-64.23773,121.21872,154.00894,-55.85743,74.62242,151.3513,-102.93984,123.99682,159.93259,-60.579597,71.49215,156.97455,-111.42547,123.6849,161.24025,-73.92061,71.86495,157.54057,-124.342445,121.55588,159.45404,-61.7528,74.55945,155.82555,-108.812874,108.43824,148.3578,12.929879,92.871124,149.1131,-12.777848,107.8644,185.21283,16.924166,94.681786,184.99028,-24.61137,106.64853,215.34402,64.167336,91.04876,215.06946,23.80091,104.35201,219.43993,66.488144,90.10734,218.22327,26.065825,112.306656,227.12047,26.126387,93.18693,228.38669,-18.494705
Squat_84.jpg,86.3673,92.48012,-128.86774,88.26662,90.292595,-123.83904,89.34094,90.371544,-123.84373,90.44426,90.425476,-123.8229,85.17729,90.12342,-123.16545,84.130646,90.03487,-123.12554,83.07803,89.9699,-123.09944,92.13591,92.18281,-89.057144,82.01721,91.53138,-83.81335,88.418175,95.48889,-115.626785,84.44332,95.16529,-114.10767,99.85693,108.523384,-60.383904,74.54892,107.741196,-52.568478,105.18905,128.65088,-52.29392,71.563065,128.42607,-40.26534,108.93134,148.25179,-76.92293,66.769775,145.29907,-67.11868,111.06314,152.77838,-83.92842,64.98811,149.9957,-71.875275,110.21356,154.03008,-94.61224,64.73275,150.22137,-84.82804,108.35701,152.50885,-81.88989,66.71359,148.65585,-72.9854,95.16161,144.26534,-3.4770076,80.48561,144.27753,3.4839594,95.24304,173.25165,1.1547053,79.92114,173.3537,16.463684,97.42668,196.5434,58.02875,79.675,197.4873,76.54987,97.31769,198.90785,61.24279,81.44183,200.7587,80.33502,96.62058,207.84311,21.14578,74.69286,207.81767,41.90941
Squat_85.jpg,47.318035,92.37306,-49.513073,49.62932,89.54023,-43.282078,51.06764,89.520454,-43.2784,52.52389,89.47961,-43.29288,45.639927,89.72678,-42.407547,44.2544,89.79915,-42.382416,42.860413,89.89289,-42.353024,54.97152,91.986244,-5.819776,41.723236,92.36997,-0.5740831,50.415447,96.0221,-35.890026,45.13455,96.19199,-34.430374,63.803036,110.8778,20.549109,34.374138,110.58032,21.197985,75.08795,130.77867,-17.07666,23.70507,132.26097,-21.381603,77.17741,111.91382,-94.63037,25.065462,112.07028,-102.34999,78.656975,106.95509,-107.48718,25.873652,107.656136,-116.867325,77.47943,104.01553,-106.02542,26.798792,103.81769,-113.88072,75.56293,105.82581,-95.300514,28.297323,105.94685,-102.43737,58.30623,157.09079,-2.121101,38.829308,156.36908,2.2701974,63.128883,197.4576,-14.766086,28.63552,193.7208,-31.119743,65.73352,226.24226,48.803802,27.02676,225.66583,31.54462,64.57813,230.31516,53.080055,28.879763,229.26129,35.659348,70.3822,237.8303,14.6406975,22.784746,240.02995,-4.921196
Squat_87.jpg,157.38896,89.613014,29.72322,156.3721,87.68218,21.658916,155.54848,87.69485,21.674162,154.76526,87.70879,21.705135,158.7724,87.58165,24.215332,159.70432,87.4697,24.242567,160.63019,87.37703,24.226513,154.52377,88.69998,-0.50110656,162.4804,88.26379,13.006787,156.66386,91.426445,23.438488,159.14735,91.20356,27.461731,152.01016,101.032326,-15.405668,170.76009,100.78476,13.569423,152.21771,116.69334,-27.69599,177.42627,118.887794,-13.861918,154.14062,114.02743,-37.76153,169.1383,117.23312,-53.429325,154.05106,113.824646,-42.471874,166.766,116.91345,-57.280323,155.11267,112.05606,-43.04882,164.57875,116.26495,-59.145935,156.10114,111.876274,-38.530636,165.61502,115.83388,-55.391117,159.61774,136.39622,-13.998033,169.28664,135.53964,14.08905,153.77626,160.95189,-2.0142648,165.5452,161.5216,18.250614,149.97795,182.73566,19.556461,169.21399,187.82574,31.100641,151.1385,185.90965,21.239565,171.88335,192.09422,31.58017,142.11797,187.54442,15.271614,160.18677,193.87677,24.225103
Squat_90.jpg,143.3562,88.5037,-148.32199,145.52979,85.061356,-142.01572,147.03514,85.075806,-142.04034,148.56905,85.06183,-142.03493,141.46933,85.0314,-142.00755,139.94576,84.95199,-141.96107,138.41377,84.910095,-141.9446,150.9906,87.25298,-101.35718,136.92143,86.917625,-98.128204,146.4277,92.323814,-132.88634,140.81311,92.213455,-131.9885,162.01547,107.89945,-68.219315,127.01596,107.53492,-71.47896,169.23566,130.84683,-54.804607,122.537224,133.22737,-63.617172,169.73308,153.70163,-91.552345,116.93147,154.32977,-96.37705,170.84193,160.6555,-102.36023,114.26061,160.74309,-105.01262,169.43007,160.73692,-114.37759,114.77269,160.76811,-119.63661,167.6287,158.19305,-97.5851,117.5754,158.68796,-103.13868,152.8278,154.78287,-1.2234695,132.55922,154.91711,1.4030226,158.76373,185.23552,-19.827866,128.76607,186.6854,25.828766,161.69922,213.78764,46.60464,125.613235,209.42325,118.99306,159.8382,218.16135,51.25052,127.3125,212.95232,126.38089,169.24191,226.70027,10.986479,118.629654,222.01512,88.83903
