Squat_103.jpg,114.72245,93.860825,-46.34653,115.80137,92.61869,-42.53484,116.56039,92.66134,-42.527596,117.35092,92.68508,-42.52906,113.50117,92.692986,-42.55112,112.715065,92.731384,-42.521862,111.93579,92.78498,-42.50952,118.385376,94.28613,-20.760458,110.97984,94.34091,-18.853691,116.136795,96.42576,-38.10566,113.315735,96.464676,-37.593067,124.70327,107.82189,-6.007046,105.46823,107.49024,-4.2874117,129.2149,122.199554,6.036395,101.9821,122.216385,8.889662,131.62117,136.04727,-12.403752,98.527145,133.88763,-12.194459,133.51257,140.01115,-17.56181,97.34207,137.11009,-14.900274,131.75394,140.39073,-25.50411,97.563675,137.12968,-23.329632,130.56715,139.33763,-15.402725,98.89971,136.31166,-15.533724,121.45501,136.52095,-0.14542282,110.009964,136.6357,0.20443821,125.283966,160.83488,-7.0017614,109.32165,149.9206,7.7859545,129.708,184.6678,23.497078,114.13878,156.73546,54.46883,129.72958,186.859,25.261608,115.949196,157.3558,58.411606,129.67125,192.90936,5.1602364,115.01596,158.59882,47.991417
Squat_109.jpg,84.78702,89.75394,-69.169205,86.82887,87.52716,-64.22645,87.87953,87.53053,-64.20648,88.95173,87.518616,-64.200714,83.83892,87.628494,-62.645164,82.92885,87.661705,-62.62309,82.011185,87.71362,-62.606346,91.16884,89.40538,-32.206406,81.79263,89.48289,-23.792603,87.221634,92.90771,-57.597404,83.53017,92.951065,-55.13233,100.918686,106.22324,-12.765923,76.39823,107.64263,2.590269,110.27411,124.30115,-57.85784,71.43964,126.5396,-32.38634,109.342926,108.76996,-129.45973,67.87102,110.02584,-110.11748,109.67827,104.81453,-143.3173,66.44158,105.87981,-125.00039,109.15972,101.9304,-142.12152,66.86991,103.079865,-123.42053,108.09085,103.456474,-130.44669,68.55611,104.697205,-111.37836,98.48692,144.79034,-5.6692247,83.23624,144.62634,5.665017,100.86402,178.2732,-17.58545,76.315,175.8059,-1.7182024,104.32081,204.3429,33.791737,72.140495,202.62117,46.826897,104.66169,207.69084,36.636242,74.28346,206.8472,49.447,102.87527,213.84634,-3.1424074,63.56951,212.07924,12.203688
Squat_121.jpg,77.45214,81.35444,-101.516975,78.94433,79.297165,-94.5048,80.19187,79.32813,-94.48534,81.47147,79.332466,-94.480545,75.092094,79.40235,-95.14388,73.68009,79.47645,-95.08538,72.25149,79.573074,-95.036865,82.459,81.727875,-55.203823,69.72621,82.01593,-55.899506,79.481865,85.05164,-87.04838,74.58044,85.111496,-87.41836,90.76256,102.49214,-29.486435,58.75167,101.7704,-36.86963,97.49263,125.876915,-21.463728,52.287903,125.72683,-35.750763,104.85363,149.49197,-66.62465,47.038265,150.1927,-68.41946,108.058556,156.3677,-76.14202,44.708992,156.62976,-74.83293,106.47416,157.37975,-88.54668,45.210293,158.26436,-90.76236,103.92483,155.08484,-72.52612,48.613903,156.14377,-76.01508,86.131294,150.94186,3.901341,64.85422,151.84126,-3.7502832,90.459015,191.30463,-7.5884666,64.416824,190.90976,-17.831137,95.36758,224.86938,47.099113,55.365852,222.47565,44.63965,94.955414,229.54944,50.067047,55.1901,226.89114,48.241497,96.40378,237.83746,5.867852,50.77486,235.28926,4.1778526
Squat_123.jpg,160.8625,91.0459,-53.804436,163.39148,89.11563,-53.962383,164.21391,89.260506,-53.989788,165.0868,89.37085,-54.007317,161.79633,88.796936,-47.31463,161.40341,88.64286,-47.265446,161.00513,88.51086,-47.202637,167.97083,91.307755,-45.524853,162.54285,89.8766,-12.410018,162.63972,94.406,-50.495434,160.46767,93.83681,-41.027878,176.5374,107.87551,-48.881104,155.32039,107.83889,16.133915,181.98103,128.5854,-48.26972,152.51918,127.14801,33.04373,183.89133,150.46513,-60.299385,148.43817,145.30946,-2.914829,186.08833,156.87755,-66.76251,147.3575,151.01617,-7.8086376,183.02147,157.84767,-74.08489,147.10791,151.83456,-20.284534,181.44153,155.48697,-62.766518,148.9865,150.02762,-9.40381,171.64796,147.2738,-21.490011,158.61208,148.23236,21.564585,177.55472,178.02927,-41.221176,155.99174,175.6087,43.6884,182.55103,207.20886,-26.6513,156.86131,199.50499,93.90908,184.40495,210.44133,-26.449568,160.02669,203.64458,97.55363,178.90282,220.37595,-60.024357,147.02579,209.24445,71.352615
Squat_130.jpg,112.60103,95.82603,-61.98107,112.84331,93.99891,-55.752155,113.46628,93.967155,-55.757896,114.11878,93.918396,-55.75724,110.57908,94.03235,-58.88026,109.63975,94.007744,-58.840885,108.70227,94.00096,-58.855606,113.460594,94.96726,-22.166828,106.22941,95.15132,-36.06012,113.25032,98.012665,-49.32753,110.40287,98.055466,-53.426956,116.67438,108.70432,8.297755,99.37773,108.49179,-26.31109,119.66466,123.849976,28.835526,99.73033,126.43626,-22.48844,123.596176,136.27646,-5.176095,100.22431,141.2251,-41.77121,124.963036,139.74377,-11.377548,99.585915,145.36319,-48.86099,125.60536,139.99556,-22.48635,100.63371,145.08685,-56.21941,124.3289,138.93108,-10.730215,101.5808,143.41277,-44.877647,114.806526,137.55249,10.584492,104.4272,138.24023,-10.464663,112.574295,160.89061,15.974086,103.35541,162.90335,-9.881409,109.416855,180.52359,61.702595,102.09053,182.57959,35.284027,107.718475,183.29962,64.30722,101.22769,184.97868,37.904594,111.75906,187.48044,34.179523,105.619965,190.2146,5.1373086
Squat_143.jpg,61.17393,81.39693,-130.21739,63.437473,79.13348,-122.66948,64.80743,79.13032,-122.68123,66.21106,79.10272,-122.69597,59.47827,79.396736,-121.46792,58.153526,79.51655,-121.39546,56.81901,79.66376,-121.33295,68.65209,82.00762,-77.74355,55.784737,82.5038,-69.62116,64.21241,85.255394,-113.71173,59.061546,85.449135,-111.646965,79.15453,103.40452,-41.77398,46.83628,104.66547,-35.853355,87.55201,124.629196,-24.08242,41.441196,126.98897,-20.827166,92.96141,148.73952,-77.85261,36.29485,149.65459,-71.80279,95.38896,156.52576,-91.48948,34.462326,156.77077,-84.02174,93.2112,157.16925,-106.23193,35.206947,157.5806,-102.83929,91.300385,154.18329,-84.874306,38.058075,154.97348,-81.17392,72.29797,150.95671,-1.7463386,51.33248,151.83057,1.9434736,78.787674,193.15475,-21.788849,51.475445,191.72598,-14.096335,85.52455,230.26254,36.69023,46.268436,226.64127,52.614784,85.76599,235.2553,39.304596,47.527824,231.5028,56.06063,86.38663,244.0184,-15.432908,39.94418,240.75758,4.6054344
Squat_145.jpg,134.61783,94.55579,-64.77988,135.78172,93.10985,-58.442795,136.61227,93.11211,-58.46158,137.47638,93.09272,-58.470585,133.09058,93.21721,-58.94798,132.17819,93.2504,-58.902115,131.25703,93.30441,-58.892075,138.41667,94.696304,-26.354475,129.97687,94.93367,-27.13673,136.25072,97.096176,-53.152954,132.94734,97.17429,-53.462135,143.91682,108.59385,-7.1147633,124.587616,109.01653,-7.4746103,147.689,123.62952,-1.8080924,120.66638,124.771416,-0.01827026,152.4986,136.25015,-35.678738,116.61392,138.18465,-28.507862,154.80954,139.7706,-42.387306,114.99243,141.99603,-35.233456,154.2567,140.20163,-51.813465,115.03133,142.60216,-45.127106,152.978,139.09698,-40.349464,116.72078,141.44527,-33.418907,142.03772,140.0009,0.20125628,129.26189,140.71034,-0.13311547,146.69524,165.91702,-7.985176,128.57639,164.36925,6.7913437,150.32654,189.1236,32.60552,124.30908,184.2764,61.55653,149.96295,191.90807,34.41549,124.45294,186.49149,65.19829,151.22536,197.9331,-1.9143234,123.38472,193.07059,32.240444
Squat_151.jpg,114.27523,94.717285,-45.568077,115.534676,93.35954,-41.36957,116.29333,93.4065,-41.354683,117.086075,93.43673,-41.361885,113.169556,93.365944,-40.83053,112.42527,93.38336,-40.80838,111.6797,93.41405,-40.809616,118.420685,94.92796,-15.1823635,110.909164,94.764854,-11.775506,115.804665,97.18528,-35.83705,112.99344,97.14248,-34.892403,125.0354,108.1661,-1.6343443,105.39449,108.30643,7.8676457,130.32817,121.88231,-3.6105676,101.89854,122.647255,15.771244,132.65518,135.70421,-41.748074,96.88449,133.7296,-15.7737055,134.71089,140.28596,-49.841263,95.24971,136.91682,-21.717258,132.31647,140.23991,-57.547684,95.25769,137.26413,-30.944696,131.12677,138.75816,-45.181828,96.824615,136.32843,-20.03806,121.33027,137.9468,-0.3676048,108.89208,138.26266,0.4222516,126.48895,162.60258,-8.392895,107.24173,161.67085,-5.192199,128.86827,184.78024,29.776814,106.39279,185.01695,24.721134,127.94524,187.23691,31.830542,106.99151,188.13806,25.68034,131.29643,193.13269,2.262615,106.07829,192.46599,-5.3238916
Squat_179.jpg,110.71226,71.65118,-67.883286,113.48802,69.85135,-65.74111,114.50774,70.14747,-65.77095,115.57114,70.40813,-65.78587,111.08658,69.21843,-60.898964,110.39243,68.97502,-60.84618,109.68766,68.74912,-60.805893,117.71224,73.16304,-47.30793,109.82554,70.69188,-22.479542,112.23289,75.828575,-60.87116,108.99241,74.82335,-53.793175,125.110405,92.53667,-54.73434,102.897316,93.427864,19.213377,130.03719,118.02166,-55.263653,101.51541,117.260506,32.97942,132.5497,143.2042,-74.90566,95.61077,137.60823,-4.6465497,135.59077,149.72697,-85.339516,93.927086,143.93344,-6.3175144,131.98288,151.14777,-92.34585,92.92553,144.27545,-22.292627,129.95874,148.76704,-78.10759,95.013176,142.5561,-11.975867,123.44192,138.93585,-26.879564,109.97504,141.6534,26.972292,126.78489,174.65591,-30.05889,105.76152,174.41673,32.487137,134.61377,210.92683,2.6311173,107.06613,206.5914,69.47955,138.79575,215.85442,3.94917,111.95767,212.2605,71.16217,126.313736,223.5012,-31.55353,90.59395,216.74287,43.00624
Squat_181.jpg,133.98166,94.783424,-54.33039,135.28912,93.24287,-47.87828,136.14801,93.25589,-47.899582,137.03679,93.248985,-47.90981,132.54051,93.29007,-48.109264,131.61461,93.28721,-48.063892,130.67842,93.3047,-48.061375,138.13448,94.80885,-15.887093,129.52847,94.84285,-16.278563,135.73402,97.36737,-42.789795,132.3578,97.361855,-42.996845,143.43443,108.60306,4.3253345,124.75105,108.85486,2.250886,147.68494,123.546646,11.966365,121.84239,124.08065,7.1020274,152.79988,136.16707,-19.05891,117.97014,136.84271,-23.486723,155.085,139.56267,-24.540705,116.22308,140.48029,-30.895874,155.03787,140.08249,-34.03316,116.2835,140.67357,-39.621742,153.7535,138.98979,-23.73034,117.88496,139.48557,-28.03014,142.11662,139.55034,1.4812021,129.44423,139.89247,-1.405885,146.38376,165.86108,-3.526216,128.8818,163.888,-1.7611647,150.22458,187.9754,41.36825,125.106895,185.47672,46.34169,149.81642,190.5013,43.634644,125.22257,187.96092,49.23752,150.64085,196.4879,8.057093,124.887634,193.81157,15.400838
Squat_201.jpg,136.28836,100.34944,-100.025406,137.2569,98.372955,-94.37542,138.162,98.36629,-94.36057,139.09618,98.3472,-94.3385,134.70044,98.45311,-96.08288,133.67146,98.47753,-96.05331,132.64214,98.52856,-96.04935,139.67009,100.23535,-59.47683,131.03757,100.326294,-67.6248,137.91492,102.90519,-86.95529,134.24931,102.995186,-89.33805,142.04143,114.04082,-22.820595,125.74871,113.79474,-53.319176,144.3943,128.86258,0.591014,122.11304,130.49866,-50.623543,148.07953,142.95432,-20.279736,119.17894,147.0668,-70.6618,149.8713,146.81969,-21.703558,117.073746,151.30437,-77.78684,149.55399,147.76164,-33.485542,118.77879,152.14987,-84.83532,148.2361,146.75104,-24.894056,120.16816,150.87961,-74.05031,137.25565,142.27002,12.835765,127.48322,141.90382,-12.715755,137.93245,162.86339,36.39128,123.927574,166.81229,-17.863792,137.21579,178.03015,99.45412,119.44717,186.98987,9.492262,135.53992,179.83182,104.15621,118.24554,189.28291,10.173794,141.88521,186.82121,80.3788,121.93322,197.62628,-25.876104
Squat_217.jpg,76.35758,79.774826,-108.00817,78.30613,78.21378,-100.17043,79.54969,78.4292,-100.16029,80.82731,78.613625,-100.166245,74.564026,77.93167,-100.334206,73.21303,77.89002,-100.284485,71.84279,77.870026,-100.23347,81.99976,81.83808,-60.541126,69.64205,80.8511,-59.04501,78.31063,84.143715,-93.8616,73.407875,83.678856,-93.58527,90.22269,104.14871,-36.528233,58.27649,102.24417,-38.353947,97.58139,127.90613,-31.32235,51.832527,125.99017,-36.089153,105.89235,151.75105,-74.128746,45.49563,149.48407,-73.9433,109.51169,158.4258,-82.927055,42.935883,156.02017,-81.57573,108.38147,159.92273,-95.91751,43.38472,157.28717,-97.690155,105.77373,157.7471,-80.40158,46.563442,155.17413,-81.78509,86.22486,151.42572,1.6217673,65.01936,152.51369,-1.4387621,90.43733,191.85947,-12.722665,64.85217,192.02356,-14.40419,95.55542,226.46368,43.971992,56.657043,224.04504,51.150513,95.71304,230.87079,47.09394,56.785477,228.37762,55.004425,95.15419,240.55186,1.0278943,51.517776,237.00438,9.732468
Squat_225.jpg,174.82713,99.10002,-56.68354,175.93817,97.77199,-54.25975,176.58548,97.7614,-54.26544,177.26118,97.73401,-54.2675,174.0159,97.80927,-53.34627,173.39957,97.80201,-53.327873,172.78186,97.80902,-53.31389,178.56157,98.65158,-35.674126,172.37688,98.67274,-30.206842,176.24586,100.97072,-49.51106,173.9655,100.96888,-47.929047,184.77045,110.01208,-21.954756,167.32155,109.25169,-12.080453,187.2968,124.09032,-16.04398,164.394,122.47957,-1.468673,188.69426,136.30917,-28.432013,159.75488,132.77293,-18.934994,189.97751,139.46216,-31.508228,158.19104,135.6508,-21.378372,188.93602,139.87094,-37.98922,158.05856,136.02492,-29.778515,187.8739,138.84569,-30.86609,159.70224,135.32326,-22.564228,180.64864,135.54193,-2.0309532,169.9295,135.21443,2.0407252,181.88353,156.47812,-3.6629577,166.45065,154.9948,4.399301,184.37453,174.39769,25.244148,164.26059,172.53473,34.077858,183.66689,176.73357,26.788721,164.98608,174.95395,35.69173,186.92035,180.60104,1.8303729,162.13823,178.77774,11.988316
Squat_230.jpg,89.213264,92.55119,-83.95107,91.64835,88.99345,-81.30943,92.99875,88.809135,-81.28575,94.36405,88.60358,-81.26661,88.423325,89.38647,-76.96491,87.37313,89.46735,-76.93909,86.31188,89.57645,-76.92943,98.19209,89.768166,-53.581932,87.46768,90.77574,-31.400833,93.05626,95.29111,-73.639946,88.6805,95.70376,-67.199905,110.115585,104.78271,-32.85522,84.50255,107.04664,8.733078,117.525185,129.17216,-78.10412,77.736755,128.9001,-19.640299,118.01245,112.36946,-157.30737,71.09383,111.08702,-99.6528,118.26047,108.479,-171.62782,69.68376,106.82872,-111.99237,119.39901,104.680115,-172.11646,69.02714,102.78389,-111.70884,118.04213,106.39526,-158.33093,71.13475,104.1099,-101.38915,107.311066,148.66467,-14.37239,91.20923,148.2645,14.423797,106.98891,188.8913,-24.99481,82.42969,183.0385,6.1100593,112.030655,222.9017,6.9468894,79.49282,215.135,44.251846,113.97288,227.10576,7.971506,83.30279,220.06558,45.685154,108.40431,235.9703,-30.891895,65.33163,227.46332,11.851156
Squat_241.jpg,171.5159,96.51427,-70.83366,172.03368,95.01474,-66.88266,172.58199,95.00694,-66.87891,173.1573,94.98129,-66.871376,170.07602,95.08982,-68.983376,169.31512,95.10799,-68.96236,168.55457,95.145645,-68.96762,173.17273,96.22562,-40.233025,166.95322,96.34157,-50.352585,172.36203,98.62413,-60.665188,169.9668,98.67694,-63.633034,177.20229,108.9091,-14.741356,160.69394,108.12988,-40.536663,180.20335,122.74895,-0.764722,158.08162,123.09991,-38.16152,184.08691,134.08511,-27.506536,155.5188,136.96153,-56.37516,185.76636,137.19206,-31.42691,154.06882,140.32101,-61.754242,185.69733,137.7739,-40.421986,154.45361,141.11496,-69.075066,184.3929,136.83939,-31.600136,155.9897,139.93237,-59.615242,173.05331,135.66145,10.734982,162.87149,135.11609,-10.681564,174.2738,157.98988,22.66161,159.83698,157.62604,-13.602545,174.89719,174.95798,62.171135,155.47887,175.49199,20.041235,173.5906,177.83508,64.48113,154.69092,177.53482,21.887548,179.76866,180.94469,41.06083,156.33408,183.60269,-5.5616574
Squat_249.jpg,164.46191,79.95088,-131.08998,166.8304,77.4829,-124.33449,168.31236,77.46437,-124.32142,169.83145,77.40976,-124.295,162.5887,77.78849,-122.9304,161.21587,77.92896,-122.916855,159.82715,78.101685,-122.92909,173.07027,80.425186,-82.86719,159.01926,81.29112,-76.06965,168.02934,84.69281,-116.00563,162.69667,84.96935,-114.06233,188.1428,106.12315,-49.91843,147.95328,106.425156,-48.37274,197.39467,132.33813,-35.555393,141.35217,133.51007,-43.469166,207.14223,154.68164,-89.34059,133.24202,156.53906,-106.78642,211.03427,161.39343,-102.52156,130.56432,162.96365,-122.735275,209.56012,161.96242,-118.1762,130.51582,163.53073,-140.72192,207.05228,159.64955,-97.11018,134.11086,161.23944,-116.24823,181.58546,161.346,3.572006,156.01927,162.27719,-3.3380618,189.35077,206.38954,-5.8819485,154.68402,204.03215,-25.073383,194.28427,238.64493,76.48418,148.83888,240.01048,58.41088,193.60153,242.9112,81.85626,149.90666,244.49545,63.71115,196.55672,252.22359,33.56101,143.70988,255.26907,10.487059
Squat_257.jpg,175.38927,99.625656,-57.99317,176.34521,98.497284,-55.18022,176.916,98.52522,-55.191334,177.51376,98.537445,-55.190414,174.5954,98.44415,-54.722786,174.02493,98.41766,-54.702705,173.45226,98.40232,-54.693817,178.46335,99.54538,-35.596466,172.84256,99.30855,-32.184605,176.49693,101.4817,-50.458794,174.40514,101.38279,-49.464478,183.95003,110.689476,-21.166279,167.44731,109.610695,-15.122206,187.33037,123.7941,-16.075716,164.92596,123.13784,-7.8459506,189.20822,135.02051,-33.34699,161.1149,133.18297,-27.862719,190.53389,137.96016,-37.66446,159.74033,136.05728,-31.38229,189.58313,138.36388,-44.17897,159.52478,136.2584,-39.511063,188.542,137.30408,-36.100468,160.94339,135.49362,-31.525888,179.8795,134.71918,-1.3561476,169.75168,134.3655,1.3695107,182.04898,154.73044,-3.3521183,167.43379,153.76735,4.8796573,183.84781,172.5659,25.77855,166.14575,171.06499,36.03144,183.05377,174.80647,27.341528,166.81529,173.40804,37.702457,186.4513,178.91437,2.938046,164.56073,177.143,14.057102
Squat_258.jpg,40.071495,88.38402,-138.76118,41.43678,85.804665,-133.20561,42.586304,85.699394,-133.22792,43.76642,85.57089,-133.23822,37.97316,86.132454,-133.18369,36.78777,86.23119,-133.14795,35.602673,86.34306,-133.13467,45.437572,87.21937,-93.19306,34.185085,88.10367,-92.91324,42.530865,91.1113,-123.63921,38.13587,91.44853,-123.60897,54.57833,103.812386,-55.869286,28.043459,104.86659,-60.896206,60.875717,124.811646,-39.11614,27.106384,126.5217,-52.01838,67.71484,142.24945,-68.29782,23.160564,144.77852,-87.44192,70.56438,146.60132,-73.93659,21.759361,150.10883,-95.18747,71.21069,147.25763,-87.21948,20.588133,149.54855,-107.201614,69.27534,146.13799,-74.183876,21.770338,147.56468,-93.310295,50.378056,140.60367,5.948607,33.31211,141.59235,-5.841977,56.405563,171.98717,7.1630244,30.41904,174.12608,-11.0027685,58.026817,197.58665,66.930466,27.64807,202.10165,40.650997,56.61553,200.48685,70.35463,28.172697,205.24486,43.005627,60.88044,209.91068,28.061039,27.096008,214.51584,-3.9030538
Squat_261.jpg,32.900265,92.08724,-97.61238,35.120754,89.97679,-95.07291,36.108738,90.05647,-95.08004,37.136353,90.10268,-95.0626,32.65441,89.81329,-91.81402,31.890934,89.71593,-91.77616,31.12147,89.64264,-91.7343,39.829865,91.79321,-72.30078,31.554317,91.02474,-55.63074,35.152477,95.15763,-88.83602,32.017445,94.8035,-84.08395,50.372677,107.652054,-55.611282,24.121002,107.265785,-29.57029,55.526203,128.0691,-49.058353,23.755606,127.521385,-18.108555,57.849148,147.77307,-67.41683,22.142216,145.40843,-52.22945,59.82583,153.39801,-74.75843,21.809763,151.11176,-59.474205,57.47046,154.2864,-83.47957,21.74236,151.25935,-71.48356,55.72685,152.20135,-70.84627,23.507391,149.18929,-57.8914,47.819878,145.11662,-6.2274995,31.880352,146.30501,6.2843523,51.9167,177.06743,-14.640078,32.31726,176.31906,17.903795,59.453617,201.92152,27.856098,31.739292,198.74542,87.36456,59.958984,204.06049,30.518492,33.711014,201.16609,92.64898,59.958042,215.47588,-8.162072,27.558947,211.29381,60.28576
Squat_266.jpg,111.87124,96.826164,-64.227875,112.50666,94.94369,-58.91566,113.19919,94.949036,-58.90845,113.92161,94.938354,-58.89528,110.189865,94.87936,-61.2557,109.265594,94.8154,-61.22173,108.33873,94.76986,-61.2395,113.6324,96.0159,-27.24624,106.06465,95.800674,-37.322388,112.60601,99.016464,-52.11372,109.63004,98.91947,-55.05805,116.64573,109.2807,0.5971335,98.913246,108.65131,-26.201056,119.8864,123.63804,14.653557,97.57519,125.74168,-23.355944,123.80769,136.16626,-19.42173,96.2116,140.70352,-38.94211,125.40018,139.772,-25.732407,94.973335,144.7129,-44.727898,125.4112,140.14362,-36.10285,96.20119,145.15782,-52.311836,123.99077,139.14311,-24.58806,97.606705,143.7541,-42.118176,113.88295,138.87009,8.347829,103.12688,139.21094,-8.255106,112.64539,161.34778,18.955265,103.23653,163.5183,-5.11986,110.10681,180.64977,65.503876,101.68909,184.20966,36.006054,108.48775,183.21451,68.23262,101.16217,186.6938,38.117737,112.08087,188.05386,38.71853,103.95868,192.15904,4.5643024
Squat_267.jpg,185.15822,86.579895,-134.90169,187.04797,84.14747,-128.59235,188.19447,84.16603,-128.57928,189.35333,84.165344,-128.57556,183.82263,84.17186,-128.36433,182.73062,84.17235,-128.33562,181.63647,84.19144,-128.32721,191.08606,86.02731,-85.477875,180.7289,85.97256,-85.954666,187.38593,89.7107,-119.00397,183.31644,89.67961,-119.033165,198.92567,101.550354,-52.047264,173.26242,101.28085,-56.16133,208.31601,117.65272,-92.16886,167.1147,118.328064,-95.852135,209.1399,103.190834,-176.46185,167.31606,109.662285,-180.7794,209.952,98.75505,-194.3888,167.38,107.41714,-200.27669,208.8982,96.14483,-193.62595,167.8345,105.22243,-199.72345,207.56738,97.691025,-178.26062,168.94424,106.06785,-182.3943,193.54933,135.29262,2.484965,177.84618,134.36183,-2.4144456,201.0332,163.77007,-7.826864,170.23627,159.90921,-46.53286,199.9148,186.62971,58.64112,169.2452,184.2169,29.875307,197.07008,190.34525,62.58171,170.18744,187.34042,34.43083,206.88373,195.72736,19.661201,168.49406,195.07309,-11.711906
Squat_277.jpg,31.66689,96.77687,-61.11915,32.83497,95.356705,-57.10811,33.5882,95.4427,-57.15151,34.35644,95.51427,-57.220634,30.607864,95.24194,-57.069576,29.793432,95.19858,-57.028942,28.984837,95.16405,-57.010582,35.098213,97.17807,-33.56433,27.832817,96.658676,-34.43349,32.924202,99.29913,-52.45187,29.91117,99.054245,-52.775017,40.362385,110.137024,-26.662365,23.59135,108.311874,-21.73172,44.12858,124.9666,-25.61807,15.700234,115.30105,-63.307472,47.930023,139.40837,-35.433323,7.854155,117.23124,-120.80939,50.10679,143.2185,-40.25947,4.3179893,118.03489,-132.98254,48.870003,144.5894,-45.035942,5.862147,117.68036,-135.88062,47.630753,143.47046,-37.66465,7.5992594,118.07626,-124.24117,39.03414,138.89734,-4.5188956,29.197643,139.56631,4.606842,41.08528,161.28421,-0.38302898,27.071854,161.68515,5.888475,46.651207,178.65253,32.265583,24.183668,180.43385,43.646034,47.950108,180.7179,33.843735,25.555214,183.14236,45.6899,44.043907,186.46808,10.856254,19.120758,186.96056,22.383068
Squat_292.jpg,80.407845,91.01593,-132.80443,82.02661,87.92883,-126.59546,83.29422,87.84846,-126.60932,84.59166,87.74762,-126.57927,78.24895,88.138374,-127.13628,76.89633,88.16722,-127.09003,75.54512,88.21699,-127.06671,86.19724,89.349335,-84.83516,73.84803,89.870674,-85.613976,82.911255,94.100815,-116.88349,78.13032,94.30129,-117.20929,95.880264,106.41136,-45.7947,66.25987,108.01716,-55.39704,103.104675,128.01028,-25.33525,62.262386,129.54486,-44.008442,109.31394,148.38998,-63.977158,57.42241,149.79588,-78.03977,111.96872,153.82123,-73.03352,54.989487,155.46988,-86.32533,111.45765,154.44354,-87.14795,55.650906,156.22252,-101.177185,109.51476,152.66965,-70.88134,57.91896,154.17896,-84.956116,92.97783,146.70647,0.76073176,75.41041,147.69366,-0.68047357,92.96359,179.90396,-13.510975,77.16457,179.6376,-22.228212,90.89601,211.17963,28.059147,75.78265,209.53505,29.099247,89.98852,214.73973,29.179049,76.82913,213.24263,31.584106,89.34842,223.98631,-16.311106,73.16746,221.90848,-12.674876
Squat_312.jpg,82.99801,89.98298,-67.80441,84.9297,87.70122,-63.697906,85.94564,87.60325,-63.67138,86.983894,87.48766,-63.665695,82.20212,88.06048,-61.016804,81.411644,88.18181,-60.987335,80.6147,88.32482,-60.973965,89.78377,89.06932,-34.975155,81.2146,89.94944,-21.636963,85.86357,92.74776,-57.335445,82.48837,93.12045,-53.466125,101.05998,105.41307,-14.3235235,77.201485,106.60748,3.475859,109.80187,124.824936,-57.251717,71.16133,124.7263,-32.693295,111.77589,108.94667,-127.27469,67.824,109.153366,-112.17482,112.98101,104.616425,-140.51016,66.3851,105.301796,-127.9121,112.623474,101.640015,-139.9642,67.30049,102.88494,-126.18497,111.14775,103.26732,-128.1535,69.06826,104.4998,-113.51466,98.35074,144.69565,-6.2044,83.4372,144.19824,6.2153378,100.701935,177.6143,-12.482064,76.29574,175.32164,0.50173986,105.05483,203.24944,41.40887,72.45509,202.08342,50.264633,105.67998,206.50754,44.674522,74.7052,205.9291,53.024933,103.59273,213.05693,4.9600925,64.23052,212.44313,15.851282
Squat_318.jpg,148.4286,97.84998,-58.94579,149.73752,95.20763,-54.584957,150.65839,95.22434,-54.595886,151.60341,95.21797,-54.593575,146.71083,95.03014,-56.42881,145.60655,94.87156,-56.40318,144.50488,94.73178,-56.44155,152.04393,95.98294,-20.982656,142.33484,95.31985,-29.747429,149.65265,100.34605,-45.357018,146.11916,100.03746,-47.939377,157.23323,110.10092,11.1196575,135.15685,109.7007,-13.196823,161.90588,128.95653,29.411587,134.52,130.54485,-13.510251,167.44133,144.29576,-2.4352026,130.97833,147.35376,-45.2083,169.3544,148.7692,-7.539682,128.45912,152.3197,-51.22447,170.79733,148.66809,-18.881184,128.58734,151.90189,-61.7163,169.21701,147.28993,-8.265856,130.74355,150.23663,-49.901814,155.84415,147.12807,8.18322,142.74785,147.71053,-8.057388,152.41351,176.99207,10.642312,138.9079,178.981,-19.406113,150.91377,203.47154,49.668953,137.06271,206.51335,15.415871,149.09271,207.7291,51.099396,137.63934,210.3241,16.695744,155.06213,210.48166,18.046715,134.40465,214.81044,-17.85439
Squat_322.jpg,59.85966,92.84022,-93.4258,61.18499,90.823364,-88.07201,62.062916,90.876724,-88.06885,62.97072,90.90896,-88.04856,58.248524,90.64321,-89.49844,57.220127,90.533005,-89.46597,56.189598,90.4412,-89.47577,63.555126,92.161415,-50.577175,54.161213,91.49746,-57.099617,61.055584,95.53262,-79.00964,57.658596,95.24238,-81.00409,69.33656,107.34112,-16.457405,45.470524,106.00325,-32.643005,73.84771,125.06652,-1.8057909,42.225567,124.97624,-25.698044,79.47243,140.03082,-42.265717,39.822968,142.17589,-58.20452,82.01994,144.0621,-50.6508,37.992172,146.85034,-66.6475,81.849174,144.70276,-63.049,39.081028,147.45284,-78.912155,80.07288,143.56203,-48.398087,41.03493,145.81552,-63.59355,65.25406,140.09404,5.412135,50.84979,140.05437,-5.358109,64.81879,169.42131,4.2528396,50.64002,170.34132,-13.975941,63.74414,195.13971,48.55517,48.560005,195.16788,33.2595,62.17262,198.4436,50.504745,48.90686,198.03333,35.674644,65.22141,204.3913,10.264343,48.192062,204.90579,-5.6631684
Squat_325.jpg,46.830017,94.869835,-110.25049,48.038013,93.03065,-104.38687,48.988777,93.012695,-104.37653,49.95924,92.97943,-104.355484,45.01019,93.197395,-105.52439,43.951126,93.280014,-105.508385,42.88999,93.389854,-105.53214,50.908707,94.94483,-68.529594,41.30531,95.33879,-74.0446,48.63745,97.80201,-97.02069,44.85058,97.9747,-98.490616,57.64716,110.49367,-40.98497,34.8779,110.15433,-48.951862,62.24989,126.51594,-35.482563,29.99571,126.68176,-40.416424,66.2834,139.93022,-73.381996,25.783615,141.90651,-68.0679,68.64916,143.67998,-81.725266,23.836918,145.89572,-73.97668,67.65506,144.08257,-91.917656,24.068436,146.8722,-85.88498,66.254135,142.99698,-78.49758,25.802595,145.83931,-73.5838,53.23186,141.46849,5.824535,39.180782,140.96822,-5.8058686,55.319508,165.35887,31.924526,37.21658,165.0111,-22.322563,59.094025,184.474,101.98995,33.336487,189.87697,9.206457,58.155724,187.5934,106.904396,33.247555,193.34093,10.091696,63.78489,191.66727,75.56827,33.85249,198.78679,-31.875086
Squat_328.jpg,187.73528,86.2669,-147.87238,188.96855,84.0412,-141.62852,189.94817,84.0356,-141.61919,190.9405,84.00843,-141.61487,185.94202,84.13469,-142.85797,184.87712,84.170006,-142.82779,183.80975,84.22726,-142.81337,191.73964,85.76103,-97.18545,182.2122,86.04669,-103.42386,189.38016,89.32317,-131.11607,185.73322,89.401855,-132.81963,198.53294,101.12406,-60.3304,174.39772,101.10003,-73.16196,205.53311,116.671135,-99.51413,169.11328,117.58655,-119.886765,206.82338,104.93396,-190.81003,170.45604,105.586044,-204.39546,208.03743,101.223854,-211.00201,171.04471,102.28307,-223.80904,206.87175,99.04059,-211.2693,170.90723,100.52604,-224.07063,205.60426,100.11693,-193.44026,171.81549,101.7043,-206.12407,193.50577,134.20409,3.6779604,178.37614,133.80011,-3.6354299,200.56429,163.14493,-11.719369,170.53221,160.34824,-43.49477,200.45724,187.39377,49.02138,169.78476,184.73586,26.608164,197.92532,191.53555,52.370163,170.82271,187.94913,30.600147,207.53493,195.99484,10.383708,168.76456,195.52786,-14.919874
Squat_330.jpg,35.231274,86.95585,-64.15876,37.2665,85.28453,-61.521294,38.136112,85.37079,-61.544067,39.04182,85.429535,-61.548725,35.065918,85.131035,-57.347595,34.421253,85.04982,-57.305984,33.77539,84.98697,-57.292458,41.23755,86.97378,-42.49896,34.267548,86.164825,-20.735329,37.079296,89.67926,-56.943504,34.34325,89.36381,-50.73087,49.237015,101.372856,-38.21179,28.633245,101.51622,8.922526,53.22911,120.60757,-37.68189,25.859436,118.30177,23.240204,54.482597,138.12257,-57.38359,21.58932,133.79167,-11.232994,56.051476,142.88805,-65.18837,20.3924,138.813,-16.42306,54.052048,143.193,-72.18631,20.157042,138.80441,-28.243486,52.755604,141.37675,-60.294243,21.71509,137.27557,-16.971556,45.591866,135.60883,-18.591995,33.551273,137.03943,18.635702,48.517143,163.46292,-26.636265,31.034946,163.1948,33.148006,53.80509,189.46834,-0.6931743,31.028685,187.22162,76.76268,56.002277,192.72885,0.024561558,33.86988,191.29861,79.20802,49.65116,199.34914,-34.8584,22.436789,195.13675,49.847225
Squat_335.jpg,159.23627,95.622574,-74.70551,160.63925,93.656006,-70.6719,161.58795,93.59484,-70.66955,162.56152,93.51331,-70.680214,157.99626,93.89618,-69.66551,157.07193,93.96082,-69.63024,156.14322,94.04928,-69.60723,164.25235,95.03024,-43.30782,155.47011,95.58225,-38.066715,161.33693,97.953606,-64.40625,157.81804,98.194855,-62.858803,170.74281,108.33647,-25.1118,151.05008,108.61071,-14.613627,174.49123,123.59872,-17.174143,147.2954,122.0834,-0.5721308,177.89555,136.7573,-45.214817,144.08043,135.31726,-33.13689,179.78555,140.55716,-53.08842,142.54877,139.46039,-41.381886,178.4173,140.91147,-60.753113,143.71321,139.58429,-51.14398,177.17816,139.64082,-48.79088,145.31601,138.36177,-37.970806,167.58514,137.92142,-1.4227942,155.68044,138.67065,1.4980472,171.22408,157.7664,1.0765204,153.32039,157.29306,-22.956636,172.39865,174.74619,53.566044,148.73883,173.57524,37.47596,171.71396,176.50217,57.566597,148.81592,175.0492,42.525177,173.11218,184.12802,31.321972,147.74898,182.81361,18.718365
Squat_342.jpg,176.06427,99.31339,-65.59063,177.04118,98.20668,-62.230618,177.62927,98.26871,-62.24411,178.24399,98.31321,-62.244667,175.10878,98.09798,-62.34887,174.46173,98.05904,-62.330147,173.81372,98.03091,-62.32598,178.83904,99.48818,-39.439377,172.68213,99.07187,-38.986755,176.9526,101.39846,-56.867115,174.68163,101.20944,-56.713448,184.04178,111.01806,-23.464567,166.55537,110.28133,-18.858974,187.66104,124.46152,-16.210608,164.84511,123.83135,-9.157173,189.5276,135.8019,-33.616325,161.46411,134.11034,-29.817732,190.79407,138.66818,-38.473175,160.25203,136.94783,-34.452816,189.67462,139.02808,-45.409733,160.12238,137.25568,-42.975845,188.6886,137.98251,-36.547012,161.50314,136.44565,-33.630833,180.61652,134.94508,-0.7188598,169.8569,135.03015,0.7288627,183.32594,155.12758,-2.0307748,167.40118,154.19937,2.5583978,184.59604,172.73721,30.939941,165.37035,171.84253,33.250748,183.64037,175.03061,32.75683,165.86656,174.36188,34.737087,186.95505,179.02391,6.730063,163.9314,177.73695,8.367093
Squat_367.jpg,36.81741,87.50065,-59.678047,38.522694,85.54384,-55.680748,39.473427,85.56839,-55.700035,40.45907,85.568825,-55.698227,35.854572,85.52258,-53.514244,34.969753,85.47966,-53.474922,34.084984,85.45498,-53.460094,42.21398,86.94696,-31.206673,33.595497,86.64352,-18.128452,38.78138,90.0546,-50.44815,35.39743,89.92642,-46.775017,49.67674,101.3192,-22.883747,27.79368,101.277336,7.8774123,53.539883,119.8076,-20.512398,25.42254,118.50218,20.757528,55.115223,136.81534,-45.31141,22.35331,134.99112,-8.839325,56.60556,141.92389,-53.232765,21.114355,140.37724,-12.570459,54.63211,141.93352,-60.643345,21.4471,140.69292,-24.39456,53.267784,139.96393,-48.511692,23.20684,139.04341,-14.19755,45.463722,136.1257,-13.04126,32.405403,136.91698,13.082409,48.160927,164.21121,-22.735188,30.707348,163.88332,24.655169,53.794434,190.45929,1.9766262,30.8112,187.81384,67.46341,55.036625,193.90343,2.5391645,33.460434,191.85152,69.947945,52.341465,200.16116,-32.386166,22.973202,196.03159,40.308796
Squat_380.jpg,182.64458,86.84467,-73.22143,185.13058,84.89352,-67.85872,186.18353,84.99253,-67.83378,187.25699,85.07364,-67.83405,182.3295,84.74086,-65.66521,181.50928,84.679245,-65.658585,180.68135,84.64187,-65.66624,189.90886,87.01119,-31.63519,181.12006,86.166046,-22.934204,185.03802,89.92993,-60.122437,181.64952,89.6581,-57.534855,198.2792,101.56151,-4.839179,174.67433,100.88598,-0.42083868,206.18646,117.846985,-45.480488,168.04097,116.232796,-39.58579,203.155,104.23082,-123.55633,168.08871,104.68765,-121.64679,202.85402,100.75637,-138.27936,167.76399,101.631134,-141.25581,201.89081,98.412415,-137.50119,168.71643,100.08221,-139.04947,201.09077,99.73164,-124.643135,169.9148,101.52017,-122.93623,193.12082,136.24477,1.6914538,177.92278,135.29042,-1.6466492,201.85533,164.52075,-5.383472,169.65904,160.60815,-45.477875,200.51959,186.72595,61.892452,169.50513,185.79955,19.462708,197.44626,189.988,66.437805,170.59196,188.72246,23.492538,208.28926,196.10486,25.31367,169.2228,196.75497,-21.260328
Squat_384.jpg,175.74966,99.405174,-53.273685,176.6792,98.15748,-50.589966,177.24277,98.15987,-50.60534,177.83401,98.14772,-50.60579,174.89258,98.137184,-50.214657,174.31418,98.112274,-50.20275,173.73201,98.09738,-50.197353,178.70418,99.034805,-31.771107,173.0,98.911125,-29.156292,176.81917,101.21752,-46.111927,174.71527,101.1588,-45.326637,184.45387,110.30159,-18.756598,167.51562,109.65126,-13.33198,188.11752,124.15478,-13.146703,165.84695,123.69721,-6.08004,190.4107,136.11533,-25.076134,162.28578,134.27278,-22.964664,191.87167,138.89676,-27.733294,161.14381,137.1312,-24.889915,191.20483,139.57843,-34.017776,160.20268,137.21933,-32.671482,190.12192,138.5568,-27.690851,161.43037,136.53517,-26.459858,180.66885,135.11533,-0.59047276,170.13147,134.8914,0.6079842,182.66049,156.07372,-1.767993,167.39072,154.89053,1.62193,185.1605,173.759,27.489851,165.35396,172.83574,28.35326,184.73651,175.66554,29.015635,165.81744,174.99028,29.624674,186.62816,180.52039,4.499729,164.13985,179.43628,5.057884
Squat_393.jpg,48.366806,92.52475,-96.85271,50.06434,89.830055,-91.84748,51.21926,89.8595,-91.84264,52.395004,89.86761,-91.85832,46.816402,89.65189,-92.34793,45.65375,89.52667,-92.31098,44.48754,89.42293,-92.319885,53.863304,91.19147,-55.417595,43.112038,90.5517,-57.890503,50.50624,95.35425,-82.745155,46.25091,95.074295,-83.50309,60.743446,108.08412,-24.686935,34.430088,105.88675,-40.859108,63.691025,128.58795,-23.901428,29.913137,127.09485,-41.105247,69.42483,143.06436,-76.029594,28.027523,145.27475,-78.72541,72.0244,147.89061,-86.78389,26.400532,151.09372,-89.38206,71.942764,147.54594,-97.50362,28.061783,150.82967,-98.957466,69.9841,146.144,-82.12144,29.6561,148.82031,-83.502716,55.185963,148.21088,6.9892454,38.980152,147.92796,-6.842188,57.795902,175.52899,19.495329,34.265064,177.01881,-5.563983,56.55177,199.1149,80.02349,29.084679,201.45737,55.329735,53.777588,202.93022,83.77491,28.785751,204.78296,58.629166,63.264866,208.0558,49.31825,29.661587,211.37584,19.638258
Squat_398.jpg,63.57025,91.6022,-82.24733,66.20235,88.38879,-82.32285,67.46316,88.30769,-82.32566,68.76617,88.19277,-82.326836,63.646023,88.48881,-74.59772,62.830357,88.44125,-74.55454,62.00212,88.41579,-74.51939,72.57593,89.47455,-69.19136,63.75789,89.38356,-31.216433,66.76433,94.43251,-76.90832,62.977737,94.441765,-65.89739,82.02433,106.13937,-71.86397,61.879574,105.71169,8.68573,88.68945,129.54495,-77.023636,57.67807,125.01285,28.304169,89.51824,153.4171,-98.552505,51.55216,142.41205,-7.734477,91.730354,160.05743,-111.14854,49.512074,148.01843,-12.789862,87.60645,160.90869,-115.63994,50.571278,148.58301,-25.719791,86.056206,158.41002,-100.681946,53.11428,147.021,-14.190222,77.02563,148.5658,-27.3474,66.23816,148.26546,27.4728,83.44284,179.07251,-20.16071,64.212845,175.36713,64.48952,90.20927,207.6972,17.637968,64.5961,197.76112,127.69443,93.63933,211.40532,20.094742,68.17474,202.0159,132.87491,83.67791,221.26791,-12.709928,51.929794,208.12492,109.167946
Squat_40.jpg,157.70908,90.82707,-41.13095,159.19252,88.72016,-39.71421,159.91637,88.68792,-39.70274,160.65387,88.64078,-39.702286,157.37999,88.75561,-36.12369,156.85172,88.70053,-36.10574,156.31116,88.66519,-36.147186,162.51625,89.37273,-21.064842,156.60646,89.258446,-3.7045403,159.39362,92.89365,-34.200573,157.11746,92.81306,-29.195858,168.67062,99.71243,-16.96312,153.44267,101.546394,18.594872,170.47363,114.44803,-54.36457,148.67319,117.24516,-20.879082,158.1115,109.3206,-105.29503,146.64844,108.565796,-92.59941,154.59824,108.641235,-117.47891,146.18721,106.23386,-105.47482,154.81459,106.02758,-116.64845,146.3715,104.21216,-105.79478,155.9202,106.327614,-106.02595,147.16473,104.813194,-94.57381,168.35764,132.79347,-15.448733,158.3958,133.301,15.419623,166.98207,161.83578,-23.672512,151.35764,159.15953,15.003997,171.23824,186.80667,-1.3591573,148.19412,183.61438,48.339912,173.42476,189.65385,-1.2114835,150.8696,187.51744,49.1884,165.02113,196.71727,-35.525658,138.50537,192.53755,18.968801
Squat_408.jpg,112.623085,96.70697,-79.241936,113.073364,94.917274,-73.1223,113.707275,94.95902,-73.11325,114.37485,94.98237,-73.09947,110.84904,94.744385,-76.6657,109.91421,94.64055,-76.62132,108.983864,94.55679,-76.63568,113.664085,96.04838,-36.78585,106.40399,95.484726,-52.930298,113.11989,98.8483,-65.25461,110.230736,98.60271,-69.998314,115.81483,108.40112,-2.03504,99.32163,107.88724,-41.86433,119.027695,123.41919,20.920353,99.07935,125.45555,-39.921432,122.977905,137.16364,-9.755692,99.02387,141.16965,-56.97107,124.41819,141.00531,-14.824533,97.98174,145.42305,-64.15667,124.74535,141.63683,-26.519258,99.42611,145.72037,-71.760956,123.42515,140.53378,-15.332107,100.544876,144.16599,-60.06758,114.39879,137.19508,12.935215,104.58212,137.82068,-12.829004,112.53342,161.15695,24.851383,103.153046,162.90501,-11.022064,109.33289,180.20877,77.01502,101.058,182.68988,35.10562,107.52954,182.87866,80.48256,99.886154,185.09581,37.929317,112.71785,187.85686,51.47919,104.738556,191.32419,3.911433
Squat_429.jpg,188.45367,86.26213,-122.5923,189.6514,83.96351,-116.67756,190.57423,83.97697,-116.65467,191.5178,83.96925,-116.65306,186.74704,83.93179,-117.80411,185.71736,83.90315,-117.77847,184.68443,83.89152,-117.77637,192.10873,85.42109,-75.101395,183.0195,85.28711,-81.43474,189.84329,89.20281,-106.957825,186.3744,89.12763,-108.64793,198.97627,100.92772,-43.49576,174.30528,99.713066,-54.657417,203.59116,118.92354,-82.86843,168.5894,116.61044,-99.21884,205.47112,108.277794,-172.7287,171.30797,108.265144,-184.08786,206.70224,105.00192,-191.94353,172.30084,106.20503,-203.70668,206.2832,102.651215,-192.25705,172.20958,104.37512,-202.91342,205.00552,103.51964,-175.1849,172.9382,105.19323,-185.47794,193.45209,134.76642,4.084697,178.03603,134.02742,-4.0452814,200.48212,163.60484,-0.015503167,168.2338,157.6486,-56.316544,201.87064,185.40877,66.760544,168.0552,182.73683,16.128502,199.92133,188.71632,71.071365,169.09001,185.64777,20.883238,207.23831,194.62932,32.22798,167.16168,193.76184,-23.458046
Squat_458.jpg,77.128845,92.96472,-94.59411,78.80405,90.78416,-90.03573,79.84389,90.73064,-90.03762,80.92343,90.65284,-90.0243,75.92203,90.96747,-88.05652,74.97525,91.00493,-88.00474,74.02527,91.066475,-87.98021,83.35169,92.05225,-60.672623,73.78992,92.494545,-48.70338,79.698006,95.50252,-83.788704,75.98356,95.66659,-80.33723,92.73629,106.70282,-42.929684,68.31324,107.086685,-20.687,99.307945,122.06314,-50.141888,62.76709,124.157036,-12.376576,103.261635,137.24782,-100.50601,53.905346,138.67932,-52.35087,105.7783,142.28745,-112.22655,51.143326,143.21046,-59.367767,103.5588,142.07156,-121.95573,50.66269,142.94196,-72.279755,102.00867,140.57037,-105.38788,52.73365,141.74188,-58.817314,87.05576,142.48972,-8.760421,72.8101,142.11632,8.844866,87.67735,170.87909,-18.466782,73.9321,168.65341,30.920792,90.41513,194.86246,21.815886,74.84428,189.33212,96.6879,90.486115,197.80095,23.35634,76.54734,192.23648,101.05984,90.39252,205.25642,-16.11903,71.648895,198.97212,67.935356
Squat_496.jpg,112.78357,96.16402,-79.742836,113.29246,94.46484,-73.95285,113.94895,94.5318,-73.93805,114.64197,94.58079,-73.92321,111.10336,94.27913,-77.629326,110.17517,94.174515,-77.59586,109.25709,94.09436,-77.6098,114.015175,95.86316,-38.810883,106.8624,95.189644,-55.8604,113.36064,98.49108,-66.2785,110.467735,98.22082,-71.24446,115.78152,108.399796,-2.169286,99.8885,108.01018,-49.46146,118.96358,123.27624,19.910597,98.232285,125.93782,-48.00899,122.263504,135.54636,-10.593545,95.47633,141.37166,-67.65908,123.35369,138.96985,-14.645391,93.82033,145.08188,-74.500244,123.61395,139.29259,-25.769337,94.74776,145.78151,-82.15724,122.43299,138.26877,-15.7660265,96.292336,144.54434,-70.7734,112.97289,137.83618,17.687122,104.20586,138.44263,-17.57086,110.62423,161.9762,38.281967,103.517334,163.85764,-18.52943,108.36269,180.79314,90.409256,101.26896,185.49916,11.198358,106.38885,183.94455,93.92657,99.26767,188.44255,12.582594,114.37039,187.93231,69.058174,106.27807,194.39594,-20.5124
Squat_50.jpg,31.49032,72.02648,-59.386387,34.68637,69.45735,-54.471046,36.126602,69.547874,-54.482574,37.590973,69.6181,-54.532608,31.229443,69.399,-49.569824,30.177307,69.383415,-49.53903,29.102116,69.40257,-49.49466,41.57141,72.52601,-22.0193,30.186205,71.82313,1.6849085,35.152893,76.27158,-48.138058,30.438633,76.058716,-41.306583,53.972458,92.12661,-10.060065,23.591223,95.31944,34.26699,65.097984,110.98322,-74.1794,14.485607,119.08637,-2.9210706,62.26186,92.38344,-169.44438,8.898071,99.82633,-96.48608,62.678665,87.829544,-187.79854,8.762323,95.44454,-114.18704,61.89717,85.01594,-186.5375,8.522829,91.22084,-114.13906,60.47827,87.00951,-170.4505,10.481518,92.78437,-98.8196,50.779713,145.95683,-14.28921,31.44554,147.07121,14.465598,50.67479,191.99031,-18.37175,22.415289,188.16582,14.723937,57.860283,229.43985,39.959297,17.046673,224.1674,72.37164,59.77088,233.84116,43.497868,19.62439,228.89883,75.25118,56.094406,243.90678,-0.38517946,7.54317,239.18448,32.521263
Squat_59.jpg,161.45323,91.34718,-62.412712,163.89935,89.50392,-60.534817,164.82791,89.67537,-60.56726,165.80295,89.81269,-60.584423,161.80238,89.14734,-55.40696,161.17032,88.98981,-55.3607,160.53975,88.85424,-55.30029,168.21263,91.933495,-45.249348,161.20944,90.39385,-18.023315,163.21986,94.74866,-56.83905,160.39058,94.144775,-49.0429,176.19043,108.325134,-43.835464,154.06746,108.35805,11.081663,183.61514,128.1756,-43.92822,151.07434,126.919716,27.283562,187.52483,148.16121,-62.115532,146.25246,143.5884,-6.9444003,190.20175,153.74294,-68.873856,144.62386,148.86826,-10.566881,187.62418,154.47339,-76.95884,144.48083,149.2734,-23.748173,185.7816,152.44043,-65.34166,146.49605,147.81631,-13.573591,171.6429,146.10286,-20.979824,158.33316,147.4618,21.035704,177.01212,176.27426,-40.206863,156.76328,174.87532,44.219242,183.7496,205.67334,-27.527601,157.43472,198.398,92.01783,186.1193,209.04033,-27.671677,160.51608,202.39592,95.56943,180.05507,218.64223,-63.075268,147.48415,208.1052,68.1767
Squat_614.jpg,103.74044,89.13658,-115.16639,104.680115,86.46222,-108.708115,105.77588,86.500015,-108.707794,106.90632,86.511185,-108.69624,101.0209,86.375946,-111.35527,99.57081,86.3162,-111.32072,98.1187,86.27407,-111.312546,106.44439,88.5148,-64.65831,94.506874,88.15415,-77.34327,104.848175,92.578606,-98.29698,100.243546,92.42169,-102.088936,111.78044,106.96067,-27.670116,84.23329,106.43708,-49.53001,116.77974,129.62328,-10.022028,79.2224,129.74872,-48.82573,123.793846,150.46951,-53.350864,71.50062,148.93304,-90.26869,126.775375,156.4386,-61.02071,68.247505,154.32262,-98.68968,126.393654,157.31589,-74.74623,67.9705,155.04884,-113.26557,124.21618,155.41754,-59.784126,70.88465,153.42294,-96.86317,109.09465,147.86534,11.227126,92.380615,148.67184,-11.060887,108.35039,185.09955,10.1294,93.49819,185.63159,-25.533323,105.98923,217.14087,57.67507,90.25747,217.47963,20.626915,103.39091,221.71693,59.949436,89.57561,221.05997,22.416346,111.863686,228.4479,18.568228,92.6147,230.40335,-24.34338
Squat_65.jpg,112.279526,96.136795,-74.57693,112.82907,94.31381,-69.405556,113.51781,94.34445,-69.38808,114.23443,94.35942,-69.37673,110.607285,94.20373,-71.97741,109.69676,94.13111,-71.95221,108.789375,94.081375,-71.96195,113.887024,95.60482,-37.00321,106.60442,95.250114,-48.693436,113.05649,98.38623,-62.119953,110.098145,98.22011,-65.5172,116.7247,108.69222,-5.7244267,99.80587,108.21036,-38.636562,120.391685,123.94954,7.552944,98.20846,126.166145,-36.410206,125.52898,135.76646,-23.902243,96.82769,140.78534,-54.124054,127.375336,138.92056,-28.230064,95.60681,144.69685,-59.987667,128.04678,139.4786,-38.54914,96.395615,145.01709,-67.227264,126.55328,138.52269,-29.019276,97.609024,143.50105,-57.246944,113.77621,137.96146,11.867459,104.371445,138.49155,-11.769838,111.2349,160.93292,27.287357,103.48947,163.16064,-11.660719,108.83258,179.6582,75.04367,101.96765,184.0973,23.271698,106.82989,182.50967,78.028564,101.063354,186.65114,24.871462,113.9541,187.34308,51.006157,104.34896,193.09367,-8.66965
Squat_66.jpg,163.82758,80.45378,-123.96798,166.4857,77.832825,-117.19008,168.04726,77.831985,-117.19196,169.64854,77.7971,-117.1749,162.11314,78.036125,-115.59642,160.6825,78.12036,-115.57175,159.23418,78.237946,-115.56625,173.01982,80.58766,-77.28358,158.54953,81.06348,-68.755714,167.51096,84.97603,-109.50266,161.91364,85.140335,-107.0672,187.14922,105.28218,-46.001797,148.21971,106.26306,-43.739723,195.60983,130.59955,-30.426311,143.15991,133.76492,-37.93217,203.17944,154.86876,-77.348625,135.88786,157.58801,-91.21778,206.44838,162.35802,-89.45682,133.59029,164.62674,-105.05653,204.732,163.08113,-104.25339,133.55528,165.11136,-122.537544,202.277,160.54958,-84.49083,136.95125,162.76707,-100.26299,180.11606,160.7594,1.7671335,155.27142,161.73466,-1.5449443,188.3386,204.0317,-7.5141726,155.81697,202.56737,-9.900602,193.36066,236.25015,71.26026,150.21729,236.13672,70.01855,193.16858,240.14891,76.23177,150.98946,240.45581,75.088196,193.59317,250.71153,29.009996,146.06677,250.7026,25.122347
Squat_74.jpg,147.2611,94.892075,-28.11747,148.50209,93.04237,-26.128456,149.28458,92.96576,-26.163033,150.09418,92.87123,-26.205658,146.43797,93.33409,-24.485294,145.71909,93.442505,-24.475237,145.00313,93.563515,-24.46832,151.79091,94.6001,-12.89462,144.71922,95.272385,-4.880122,149.12354,97.49693,-23.237463,146.25623,97.82369,-20.934793,160.06447,109.28079,-14.132745,140.50018,110.4907,12.314721,167.49292,127.583984,-11.339044,138.17767,126.70953,20.073301,172.64677,142.31886,-19.023306,132.81645,135.9636,3.071631,175.88861,145.86261,-22.279152,131.11504,138.54994,1.8453516,173.59195,146.58986,-27.183165,130.9497,137.9979,-4.1969643,171.47806,145.591,-20.707226,132.18863,137.33153,0.33954185,155.28473,141.0229,-11.61735,143.04344,140.82219,11.726826,150.40012,154.72702,-32.025047,125.197845,150.12114,-22.820503,155.57736,172.54826,-8.861697,130.39925,168.26816,-2.3478353,157.80336,174.04736,-6.627042,133.00226,169.71654,-0.7208032,152.67522,180.51859,-18.265846,128.55753,175.59743,-12.0151
Squat_81.jpg,83.89673,86.59162,-68.59078,85.22597,84.110275,-61.601837,86.29211,84.1322,-61.59065,87.37042,84.14233,-61.58706,82.08168,84.04179,-63.401157,80.91891,83.963326,-63.371037,79.755455,83.91192,-63.375904,88.090355,85.6417,-20.729801,77.936226,85.28471,-32.243946,85.70314,89.332825,-53.651604,81.598625,89.152985,-56.826523,92.63028,100.549164,5.4281697,70.17809,99.24982,-16.030228,99.62761,113.78282,-14.996548,59.946404,117.07341,-55.41703,106.55168,97.55446,-73.86111,61.997055,106.53136,-132.88739,109.307655,92.27967,-86.26283,62.940514,104.07686,-148.74438,109.53583,90.20685,-86.229515,63.960243,100.79132,-150.06064,107.67227,92.02217,-75.33258,64.49957,101.74257,-134.79767,86.64483,137.80426,14.863137,74.21591,136.97308,-14.78674,89.09943,164.24564,61.979057,74.41961,167.66614,-29.96445,93.80711,185.90225,138.06827,72.63459,196.19244,-21.612152,92.04253,189.79161,144.194,71.725174,200.1464,-23.075115,104.130356,193.85306,117.72727,77.86798,207.28807,-63.907745
Squat_88.jpg,157.50955,89.9305,30.324873,156.14964,88.060936,21.689077,155.30472,88.06651,21.703035,154.49886,88.064606,21.720665,158.55794,87.98919,24.048368,159.4405,87.899345,24.10802,160.31392,87.84837,24.092989,154.24973,89.28756,-2.414293,161.93225,88.98984,9.123243,156.88168,91.80297,23.696602,159.27306,91.675934,27.2394,150.59431,101.13649,-10.573526,172.17593,100.03145,18.105825,149.42851,116.53529,23.808064,180.03464,114.26125,52.612198,152.97711,113.534294,75.22085,169.9442,110.92497,90.85449,153.30388,112.92118,80.217026,167.6868,110.43807,97.9585,153.7711,111.40881,78.897804,165.61462,109.4364,95.78617,154.70012,111.36004,76.011154,166.16312,109.5398,90.87616,158.28085,136.20134,-10.166804,169.3304,135.95901,10.231457,152.39052,157.88638,8.591275,166.59277,161.59317,13.875018,146.94661,179.66069,35.738766,170.22737,187.83897,25.56449,147.79527,183.74834,38.41544,172.54231,192.4493,26.029305,139.88176,183.36371,35.940617,163.27048,193.66489,19.59424
Squat_92.jpg,134.91829,95.07522,-61.31156,136.24323,93.7479,-54.9998,137.07086,93.84813,-55.015255,137.93024,93.92334,-55.022923,133.52019,93.57145,-55.563396,132.59348,93.4894,-55.516254,131.65822,93.42897,-55.51045,138.66933,95.49903,-22.421856,130.09839,94.832504,-23.892147,136.26624,97.76103,-49.34572,132.97339,97.45786,-49.862503,143.63823,109.05509,-2.3488812,123.871315,108.53521,-3.4728703,148.24828,123.84935,6.2192516,120.0228,123.63478,3.397991,153.38974,136.34654,-23.764755,115.66234,136.22498,-26.647661,155.72762,139.8226,-29.747133,113.75121,139.96617,-33.686176,155.2878,140.47194,-39.032948,114.13563,140.37857,-43.368134,153.94406,139.40605,-28.191532,115.980896,139.29248,-31.340343,141.7664,140.00858,0.47762337,128.76593,140.4397,-0.41822365,145.43967,165.9365,-2.6915548,127.2399,164.57082,3.2840676,150.1721,188.0473,43.04848,124.251015,184.97223,55.382984,150.07132,190.63867,45.58577,124.64299,187.3024,58.930862,150.17741,196.56963,9.678438,123.396484,193.30173,25.57175
Squat_93.jpg,63.420876,92.280045,-72.78293,66.16465,89.02297,-72.8012,67.4962,88.92516,-72.80534,68.868195,88.78902,-72.799675,63.4708,89.15502,-65.11507,62.621513,89.11202,-65.07957,61.76033,89.093414,-65.0491,72.983826,90.16614,-60.43138,63.73353,90.17126,-22.982697,66.94611,95.130066,-68.093414,62.95084,95.17462,-57.255962,82.55194,107.02401,-62.931107,61.67666,106.35976,11.7358055,89.48068,129.49841,-65.14833,58.242687,125.306335,26.857204,91.06673,151.52982,-79.81247,54.022507,143.09085,-9.016406,93.483444,157.74197,-88.59877,52.646084,149.04068,-14.700301,89.74392,158.79034,-93.98229,53.676315,149.53152,-26.255558,88.14793,156.64575,-81.93184,55.947254,147.89287,-15.000742,75.85249,147.98634,-25.242748,64.746605,147.60925,25.324978,82.37837,179.36052,-23.384018,63.945244,176.05072,55.900608,90.01207,207.1935,5.5185113,64.4279,198.24551,110.238144,93.264336,210.5419,7.2983146,67.891914,202.11511,114.61373,83.79646,221.5392,-23.942554,52.64359,209.77164,91.90936
